deg,mos_pred,noi_pred,dis_pred,col_pred,loud_pred,model
000005f3362c.wav,1.1865168,1.9746404,2.0468948,2.5194528,3.8035567,NISQAv2
00001dddd002.wav,2.4325686,3.6345415,2.4927378,2.9333997,3.4842992,NISQAv2
00001e0bc131.wav,3.4609077,4.08985,3.9102693,3.3625538,3.8652794,NISQAv2
000024b3d810.wav,4.6434174,4.2616425,4.7429733,4.6240745,4.678082,NISQAv2
000028220ab3.wav,2.3853202,3.6976757,2.1074488,2.6288042,2.0521965,NISQAv2
00002b0c8953.wav,1.4835843,2.7521932,2.4952435,2.4883013,2.9581172,NISQAv2
00003147472f.wav,2.7118678,3.6149795,3.1979566,2.504451,3.6134994,NISQAv2
000043f5b62d.wav,2.9237509,4.1282005,2.8816483,3.4751074,4.0289254,NISQAv2
00004ed6485a.wav,2.3170269,3.5049126,2.9341211,2.6849468,2.8448985,NISQAv2
000057f5f4a3.wav,2.2768574,3.0851862,2.9678276,2.8762643,3.643267,NISQAv2
00006b6c9788.wav,1.8515966,3.7107337,4.1611404,2.6581814,1.6777186,NISQAv2
000070ccd82f.wav,1.5550023,3.367154,2.9633234,2.6354644,1.6051371,NISQAv2
0000900974a8.wav,1.2571882,3.0414789,1.4873986,2.2782962,2.9907007,NISQAv2
000098a9d112.wav,2.5633996,2.2864077,4.149057,2.652899,3.5459578,NISQAv2
0000a19c78c1.wav,1.8886603,2.9672086,2.4927475,2.5712717,2.6733325,NISQAv2
0000ab4d937a.wav,2.0733438,3.564369,2.4861913,2.3621242,2.8806975,NISQAv2
0000b6b1730c.wav,2.4571571,2.7286806,3.4227827,2.83295,3.1387436,NISQAv2
0000bd6716f6.wav,2.8911464,2.9006655,3.9096415,2.494201,3.0424776,NISQAv2
0000c6d85d91.wav,2.4021652,2.723985,4.059267,1.8775073,3.1132755,NISQAv2
0000d8b5ce2b.wav,1.7159988,2.8825192,2.4689357,2.227723,2.910731,NISQAv2
0000e711c2b1.wav,2.1670513,3.6686814,2.601219,2.870793,3.069276,NISQAv2
0000e7b78ce5.wav,3.3185422,3.4024603,3.7636473,3.8388007,4.052679,NISQAv2
0000f0dcd03f.wav,2.737278,3.0540683,3.1549175,3.6392553,3.3752608,NISQAv2
0000f6bd8d5e.wav,3.022934,3.440878,3.6500597,3.236827,3.5334013,NISQAv2
0000ffca9286.wav,4.201873,4.3855624,4.6586323,4.245005,3.4857984,NISQAv2
00010ea51f75.wav,2.4282553,3.2138877,2.6245759,2.7999036,3.5272026,NISQAv2
00010fc5f5f5.wav,3.36861,3.7354891,3.95524,3.40702,3.8273785,NISQAv2
00013c6843d7.wav,4.727663,4.6002917,4.730934,4.5645924,4.6865535,NISQAv2
00013f5eafd3.wav,2.2804906,3.6087103,2.6245646,2.9790943,3.7702038,NISQAv2
0001565ed181.wav,4.5765667,4.420465,4.6255827,4.167866,4.430647,NISQAv2
00015bef552a.wav,3.677206,2.5283816,4.0364017,3.5790842,3.9269907,NISQAv2
000166834c87.wav,3.544813,3.3628044,4.271833,3.8894851,4.1899333,NISQAv2
00017792923e.wav,3.8621953,4.326411,4.491495,3.2730558,2.747266,NISQAv2
00019e520175.wav,1.906696,2.8476012,2.2544208,2.5377367,2.4812627,NISQAv2
0001c09c0f49.wav,2.5340493,3.729587,2.590772,2.7894635,3.4037435,NISQAv2
0001d81c74f4.wav,0.9060573,1.9088067,1.8801804,1.9247409,1.9756854,NISQAv2
0001e8faf9b3.wav,3.1385903,3.8125305,3.3497608,3.1969078,3.6731484,NISQAv2
0001f8e036e4.wav,1.0048779,2.159744,2.183606,2.5899937,2.437152,NISQAv2
0002192aba0b.wav,1.9969308,2.7452009,2.5074978,2.0894382,3.0504444,NISQAv2
00021f68f6b9.wav,1.2027522,2.9778614,1.6458766,1.819343,2.775209,NISQAv2
0002209e47de.wav,2.6705372,1.9020967,3.0720413,2.172549,3.4075067,NISQAv2
00022218b051.wav,3.0787714,3.7644398,3.515402,3.0436652,3.4643927,NISQAv2
00023fd6ed9e.wav,0.65703857,2.6501544,0.7836911,1.351985,1.6497724,NISQAv2
000253527f39.wav,1.7043829,2.1126282,2.86367,2.732248,1.9091866,NISQAv2
000262da2c86.wav,2.4386594,3.537262,2.3829138,2.458645,3.3730075,NISQAv2
00026b05c9e4.wav,3.9452703,3.723776,4.3033853,4.096643,3.9443824,NISQAv2
000276137584.wav,1.1496682,2.3194432,1.8308482,1.936423,2.8252034,NISQAv2
00027a04826c.wav,3.806113,3.380372,4.560341,4.327624,4.0106134,NISQAv2
00028e81f1be.wav,2.018347,3.785633,2.7985475,2.2250717,3.4095435,NISQAv2
000293848fab.wav,3.6908844,3.7498252,4.336926,3.6179385,3.751983,NISQAv2
0002bb69435f.wav,3.3205612,2.6671302,4.336922,3.658111,4.009253,NISQAv2
0002c566b043.wav,2.1846144,4.074459,2.4728875,2.5909696,3.450753,NISQAv2
0002c901083f.wav,4.5170894,4.4552073,4.69279,4.338576,4.540815,NISQAv2
0002e46f05b0.wav,1.8073578,1.8563849,2.3267655,2.681489,2.3890514,NISQAv2
000307f774ba.wav,1.6748482,3.0265636,2.0533142,2.623969,2.4669743,NISQAv2
00032af4feb8.wav,3.313251,3.776442,3.382071,3.6343234,4.0755615,NISQAv2
000332b91366.wav,2.3274696,4.066031,3.1385717,2.4650705,3.5778418,NISQAv2
000337c0cd14.wav,3.6348307,3.1099765,4.119216,3.7795956,4.1305833,NISQAv2
00036554b6a1.wav,3.6356642,2.9356625,4.4311647,3.7176242,4.0244412,NISQAv2
00036c2a2d9d.wav,4.016254,3.3477526,3.786917,3.795127,4.256511,NISQAv2
000378fcfd84.wav,4.5566034,4.348648,4.6249313,4.3273554,4.455378,NISQAv2
00037d54a909.wav,1.7492956,3.2888725,2.3251355,2.6370132,3.0012507,NISQAv2
00037f259d60.wav,0.6625887,1.768387,1.902405,1.8854921,1.5511014,NISQAv2
0003879c0ff1.wav,4.5332994,4.2777944,4.590309,4.0185695,3.9049635,NISQAv2
00038f2698ae.wav,3.60387,4.213975,3.8381975,3.555219,4.2163477,NISQAv2
0003a4618696.wav,2.192738,3.22743,2.2892308,2.9871018,4.0941877,NISQAv2
0003c7de14ac.wav,2.2120855,2.934653,2.1990414,2.4849713,3.217836,NISQAv2
0003cbd5f724.wav,2.9961667,3.5923474,4.0646825,3.0067976,3.5477555,NISQAv2
0003cd1e2566.wav,3.3507497,3.7306979,3.9696774,2.9390178,3.4517539,NISQAv2
0003daebcd8f.wav,3.4784977,3.8639987,4.132773,3.313302,3.459009,NISQAv2
00043a59f88f.wav,2.820358,2.5338407,3.7345395,3.4098642,3.4735832,NISQAv2
000441f35548.wav,2.093065,3.4177408,1.9139771,2.6809847,3.403644,NISQAv2
00044ab64cf8.wav,3.3956563,3.7813964,4.1634436,3.806031,3.9989028,NISQAv2
0004516913b6.wav,1.3831403,2.2041333,1.9874456,2.5940702,3.037214,NISQAv2
00045704e2ea.wav,2.7905622,3.1118212,2.814235,2.3249638,3.6996663,NISQAv2
00046de9d7f5.wav,2.3268557,3.938739,2.4412062,2.738693,3.414489,NISQAv2
000481ca603a.wav,3.044399,3.7763913,3.4779966,2.745567,3.6617506,NISQAv2
000498ebedbb.wav,1.0212826,1.894803,1.6237023,1.7534575,1.9851959,NISQAv2
0004a0fadc3b.wav,3.9606602,4.113282,4.2332926,3.5448663,4.177253,NISQAv2
0004bbe5b6a1.wav,2.3624206,3.0858283,2.3654842,2.8409507,3.5915008,NISQAv2
0004bfc08a73.wav,1.7058469,2.4021442,2.4243362,2.7067058,3.0786836,NISQAv2
0004cbae03ad.wav,4.7004385,4.2722297,4.7608056,4.449604,4.6025968,NISQAv2
0004d5b8dbf4.wav,2.7782223,3.6462262,2.9840024,2.8625135,3.3040235,NISQAv2
0004f8ba97be.wav,3.1774561,4.0231504,4.147872,3.8058028,3.772789,NISQAv2
00050d559bd2.wav,2.6749332,2.5530202,3.6878603,2.8963182,3.2941883,NISQAv2
000511830a58.wav,2.8065295,2.274598,3.8622816,3.273093,4.023775,NISQAv2
0005438d9773.wav,0.66548324,3.265793,2.2086618,1.6442916,0.9801862,NISQAv2
000545260ad3.wav,2.9374628,3.911331,2.8846366,2.7280557,3.3198993,NISQAv2
00055a653d13.wav,2.883551,2.6769617,3.478769,2.9675086,3.0870397,NISQAv2
00055d3d1d6e.wav,1.28828,2.7302678,1.8522065,2.5778067,3.4868097,NISQAv2
00057cd149f8.wav,1.6573963,2.7965102,2.8748987,2.4658756,2.7844522,NISQAv2
00059c473d27.wav,2.6994848,2.6421764,3.322459,2.9355712,3.4692976,NISQAv2
0005aa20f602.wav,1.620678,3.0271513,1.7773252,2.574178,3.2415721,NISQAv2
0005d270e118.wav,3.8465583,2.7495534,4.3491263,3.974642,4.2785406,NISQAv2
0005db3573c8.wav,1.7773899,3.4315698,1.9171453,2.6973953,3.05892,NISQAv2
0005f554afd8.wav,3.147776,3.5835955,4.044454,2.7913644,2.7692697,NISQAv2
000603a0ab4c.wav,3.3574421,3.8091893,3.7150488,3.408244,3.727805,NISQAv2
0006180dc0c4.wav,1.7624146,2.3156772,1.7250204,2.3985624,3.2567785,NISQAv2
00064404dc11.wav,1.8207632,3.1110742,4.0837207,1.810852,2.5277615,NISQAv2
000647429313.wav,2.3121047,2.231735,3.7973063,3.3697817,3.3687341,NISQAv2
00065e317123.wav,2.4532375,2.844608,2.497566,2.8186986,3.6848767,NISQAv2
00065f40df52.wav,3.516909,3.9894457,3.8895571,3.8273218,3.3049104,NISQAv2
00066c703928.wav,2.168864,2.5705907,2.2643275,2.594096,3.532117,NISQAv2
000689addde5.wav,2.413379,2.7402747,2.2214148,2.9848843,3.1682801,NISQAv2
0006ccc3e7f0.wav,1.584081,2.3683462,2.2141743,2.326847,2.5797124,NISQAv2
0006f2529a50.wav,2.3842418,3.8809097,2.0867162,3.036783,3.674704,NISQAv2
00071f89c0c4.wav,1.3572799,1.7951883,2.6394777,2.2752223,2.6822302,NISQAv2
000734b68239.wav,2.4642017,3.5144475,3.7132952,2.7817628,4.2321095,NISQAv2
000748828a61.wav,4.141532,3.993717,4.449867,3.81517,4.1958528,NISQAv2
000756c49b50.wav,3.113979,3.0146282,3.9512212,3.6282663,3.5593865,NISQAv2
00075af78ad7.wav,1.6613897,2.694166,2.3160324,2.4938514,3.131615,NISQAv2
00076605c498.wav,3.0462482,2.9777286,4.247094,3.2546659,3.8695056,NISQAv2
00078a4b2e4e.wav,2.1076481,3.8472323,4.0509763,2.8329997,1.5998764,NISQAv2
0007959e8205.wav,3.7702081,4.308783,4.0325513,3.8342803,3.742454,NISQAv2
0007998f8781.wav,3.4380887,4.2457805,4.2959795,3.9643779,4.214368,NISQAv2
00079f4df878.wav,2.8912592,2.9480875,3.2813997,2.9237208,3.4849136,NISQAv2
0007caa6a1a9.wav,1.9979143,2.3029392,3.5132685,2.6226363,2.637612,NISQAv2
0007da4b4d5b.wav,1.5614187,2.4543483,2.1208034,2.4671795,3.3506396,NISQAv2
0007de03868d.wav,1.3555287,1.9891154,3.4492853,2.151006,1.5680456,NISQAv2
0007fb011a31.wav,4.2453613,4.54824,4.7652607,4.382508,4.4695067,NISQAv2
0008035aca16.wav,1.960402,2.5417197,1.7391009,2.4591296,3.478292,NISQAv2
000817e3b36f.wav,2.699303,3.7302806,3.372813,3.1977108,3.7494636,NISQAv2
0008358352f2.wav,1.8252786,2.8420815,2.4741836,2.7238336,2.3318553,NISQAv2
0008461af11c.wav,1.4368808,2.0094829,3.1379888,2.0283587,2.2932138,NISQAv2
00086eefde78.wav,2.9210432,3.8505802,2.8212554,3.334277,3.2023125,NISQAv2
000880b04db2.wav,1.9422439,3.7646458,2.6617754,2.318806,3.4772182,NISQAv2
00088cb22fce.wav,1.3332002,2.8635027,1.8645389,2.5426328,3.6746724,NISQAv2
00089f2eb5a6.wav,1.5758966,2.1773226,3.7918334,2.1084921,2.793158,NISQAv2
0008a1b5833f.wav,4.8544908,4.501602,4.855428,4.501113,4.58353,NISQAv2
0008a3794897.wav,0.8579903,3.2335489,1.1997383,2.4819863,3.0560534,NISQAv2
0008c313035d.wav,2.3067594,2.7354338,3.145344,3.1892645,3.4133306,NISQAv2
0008cc777dec.wav,2.3402421,2.795256,2.5562618,2.67534,3.4135225,NISQAv2
0008d36904cd.wav,3.018341,3.7196457,4.057307,3.1958632,3.8479335,NISQAv2
0008dca7c424.wav,2.4060266,3.105156,2.34907,3.0479126,3.5886633,NISQAv2
0008e8a3da6d.wav,1.2689067,3.146622,3.8578913,2.524635,1.5049527,NISQAv2
0008eb037cb4.wav,0.92062455,3.0153909,1.0009625,3.248234,3.4616911,NISQAv2
00092e15ee9c.wav,1.269539,2.1448827,1.7239425,2.0712678,2.7806978,NISQAv2
00093b329948.wav,0.8242285,2.8583863,1.5161917,2.8064919,3.805949,NISQAv2
00093b6f0250.wav,2.1606274,2.8884962,2.1236634,2.556248,3.2317576,NISQAv2
00093e10c9da.wav,0.88653207,2.2140563,1.3149834,2.8023574,3.4726293,NISQAv2
00095c541a2f.wav,2.7759879,2.843084,4.350972,3.466956,3.862782,NISQAv2
00096b10d64e.wav,2.393289,2.9093206,2.902127,2.1445384,3.2983682,NISQAv2
00096b301cd8.wav,2.9020565,4.2910533,4.462928,2.8173635,2.489765,NISQAv2
000978d2eabb.wav,2.4364307,2.677368,4.0666375,2.5656703,2.77026,NISQAv2
000980a5b08d.wav,1.4723158,2.1374142,2.5006611,2.6371562,3.9659894,NISQAv2
00098f7ea459.wav,3.7146723,3.057037,4.446852,4.1042376,3.936733,NISQAv2
0009b022c8ea.wav,4.3993597,4.320626,4.430692,3.9251847,3.9615424,NISQAv2
0009c40d0c78.wav,2.9862492,2.788501,3.821174,3.3221614,3.543532,NISQAv2
0009c67ac3d7.wav,4.737859,4.4658465,4.8370714,4.20188,4.5182414,NISQAv2
0009cb6f4e39.wav,2.5862768,2.331703,3.1970506,3.0323522,3.2004836,NISQAv2
0009d57b6dfc.wav,2.9253345,4.0092664,4.7523546,3.50793,1.9757626,NISQAv2
0009dbfd0db3.wav,2.17596,3.6108277,2.3554683,2.9372404,3.5022728,NISQAv2
0009dc0aaac8.wav,1.4240979,3.773357,4.035809,2.0470724,1.1921409,NISQAv2
0009e6e54dd3.wav,1.9414513,3.5576608,1.9329288,2.7182286,2.363413,NISQAv2
000a0c7bd0d6.wav,2.8815107,2.7123363,3.6113179,3.726412,3.5933692,NISQAv2
000a0d4e17e7.wav,3.6232436,3.6667838,4.2757273,3.7360895,3.7313216,NISQAv2
000a0e789891.wav,0.9953917,1.7449561,2.0419612,2.5692353,3.4575677,NISQAv2
000a4d16872d.wav,1.3402807,3.4194305,2.0288591,2.0795414,2.9686794,NISQAv2
000a6f4b0339.wav,1.5153997,2.0280676,2.5922441,2.0094538,2.649822,NISQAv2
000a7321209a.wav,0.69434375,1.787974,1.4654114,1.7624983,1.6623471,NISQAv2
000a759232a2.wav,2.313502,3.3487132,4.0350337,3.046037,1.8807273,NISQAv2
000a880b5710.wav,2.5302005,3.4782984,2.7062438,2.443179,3.5360682,NISQAv2
000a8a3b8ea2.wav,2.6478086,3.2813132,3.9873664,2.604314,3.325282,NISQAv2
000a8b119dc8.wav,2.7811022,3.5054657,4.0375137,3.0771868,2.6377995,NISQAv2
000aa82e7937.wav,3.542857,2.8461802,4.1620016,3.493582,3.8870552,NISQAv2
000ab949556f.wav,2.5521798,2.6475408,3.55113,2.6810105,3.4508705,NISQAv2
000abb16c75c.wav,1.8899845,3.0772533,2.112862,2.3353112,3.1083505,NISQAv2
000ac7e3c25c.wav,1.474457,1.8446574,3.305424,2.4390874,1.9329795,NISQAv2
000ae2be2a38.wav,2.4815,2.0457315,4.297722,3.1981044,2.2990272,NISQAv2
000b02477c86.wav,4.3632054,4.2075686,4.688882,4.274114,3.8412921,NISQAv2
000b2b35ede9.wav,2.182368,3.67358,2.2939749,2.6161153,3.5102777,NISQAv2
000b3dc42445.wav,1.5229714,3.1825378,2.2573905,2.7856677,3.6637425,NISQAv2
000b422208ad.wav,1.1873134,2.6141734,1.9257472,3.0534499,3.858016,NISQAv2
000b474d2f5f.wav,2.117963,2.146355,2.0299578,2.6727808,3.1418803,NISQAv2
000b54ab9fd0.wav,3.6012993,4.0804696,4.2992606,3.3333015,3.7698388,NISQAv2
000b78fc1e98.wav,1.8924266,2.3455188,2.6193857,2.5248766,2.8508906,NISQAv2
000b83ca7ef9.wav,3.2140405,4.139136,4.335894,3.7270944,3.9553652,NISQAv2
000b89700b5c.wav,2.5867207,3.287823,2.4837396,2.551508,3.335986,NISQAv2
000b923974aa.wav,3.7886083,3.635468,4.6251197,3.4083674,3.6191678,NISQAv2
000bb9191af6.wav,2.256385,2.0269938,2.6725135,2.4644868,3.574334,NISQAv2
000bc92c5d73.wav,2.1623921,3.4481783,2.125659,2.6427758,3.423661,NISQAv2
000bdc393875.wav,2.3722358,3.5631979,2.538099,2.6955535,3.2694046,NISQAv2
000c2aa26db3.wav,2.8809495,3.1002846,2.9936304,3.189397,3.8466597,NISQAv2
000c39817bec.wav,1.283674,2.4013724,3.0409458,2.0716121,1.4640297,NISQAv2
000c4c899d6a.wav,2.6263185,2.705754,3.8638299,2.9535246,2.757333,NISQAv2
000c6017c0dc.wav,2.6919093,3.8008845,3.2116232,2.5104465,2.7856848,NISQAv2
000c6c5b215e.wav,3.3761246,3.9749646,4.2740602,3.825782,3.1624863,NISQAv2
000c77a05931.wav,2.5196264,3.4732058,3.025396,2.6664906,3.4606757,NISQAv2
000c78ecfeb8.wav,3.1243637,3.7512796,2.9359896,2.7507389,3.7817166,NISQAv2
000ccd2ddde0.wav,2.9621181,3.4250703,3.7158437,2.454704,3.4630914,NISQAv2
000ce72e6439.wav,4.3038945,4.170613,4.676606,4.2666125,4.4233294,NISQAv2
000ceddf1350.wav,4.0141826,4.061779,4.5619793,3.7725594,4.237949,NISQAv2
000d0a634124.wav,1.0366883,3.5271952,3.934428,1.6110244,1.2333229,NISQAv2
000d0bd0747b.wav,1.3881006,4.168464,3.801086,3.053129,1.761679,NISQAv2
000d14e8dc68.wav,4.300914,4.1638694,4.7745857,3.8151498,4.367574,NISQAv2
000d1b9f4f34.wav,1.3228747,2.8669374,1.4526904,2.3798761,3.089678,NISQAv2
000d347272f7.wav,3.2059562,3.5160477,3.9329126,3.5526435,3.7214077,NISQAv2
000d4009f05d.wav,3.457051,4.1505704,3.3553927,3.1147964,3.9871936,NISQAv2
000d4cedd745.wav,1.4932698,3.573417,1.7548499,2.7898877,3.3079288,NISQAv2
000d50ba853a.wav,1.8254966,3.7341135,1.8799274,2.2846253,3.2674096,NISQAv2
000d5f179e10.wav,2.3976662,3.8241,3.3241346,2.2348812,2.4546242,NISQAv2
000d6860da9c.wav,1.0127068,2.8181636,1.3952317,2.2559297,3.0311027,NISQAv2
000d7a723d80.wav,1.8689858,1.7111714,2.6982665,2.400187,3.1460853,NISQAv2
000d7ee1522a.wav,1.2050986,2.001355,2.1828957,2.5434463,3.1438832,NISQAv2
000d93a66832.wav,4.5695553,4.0291505,4.328475,4.452824,4.4354215,NISQAv2
000d9e55a8f1.wav,2.7261393,2.3200343,4.11948,2.7065349,3.3861892,NISQAv2
000da2d2f4c0.wav,2.3414087,2.1543448,4.050831,3.1437361,2.6376424,NISQAv2
000daa2b64ae.wav,4.75047,4.287034,4.6177115,4.2483153,4.3620048,NISQAv2
000db8ec5ff3.wav,2.7744904,3.153659,2.7228463,3.3675408,2.8973362,NISQAv2
000dd6259527.wav,1.3468477,3.0115616,2.1370647,2.0874708,3.7121508,NISQAv2
000df800f631.wav,2.495874,3.0735059,2.9000175,3.1928632,3.1829062,NISQAv2
000dfa480dd6.wav,1.6417837,1.8795174,2.1038454,2.4902792,2.9672418,NISQAv2
000e1006caa9.wav,4.775877,4.184116,4.5247984,4.0958242,4.323959,NISQAv2
000e1cb60185.wav,3.9081912,4.316595,4.303357,3.450959,4.0547094,NISQAv2
000e24eb7893.wav,3.095135,2.433,3.0821111,3.2267334,3.4421513,NISQAv2
000e2c7ef187.wav,4.078027,4.2493396,4.32829,3.9648192,4.1995554,NISQAv2
000e5341b659.wav,1.3995492,2.0175226,2.6715612,1.7954065,2.1235497,NISQAv2
000e53b8afc2.wav,4.179429,3.6537585,4.4661736,4.437236,4.455299,NISQAv2
000e578869a2.wav,1.0227739,2.53324,1.9378729,2.7021272,3.8555434,NISQAv2
000e59cdfc06.wav,3.4383364,4.132339,4.155057,3.6945393,3.8771586,NISQAv2
000e6ee07644.wav,2.74447,2.8506472,2.9043634,3.0205805,3.463392,NISQAv2
000e7758613c.wav,1.8094138,2.454497,2.6564922,2.695227,3.3210416,NISQAv2
000e79887f28.wav,2.143182,1.9210594,3.513547,2.5145917,2.194259,NISQAv2
000e84ebdf96.wav,2.310452,3.1992152,3.439456,3.30031,3.0158489,NISQAv2
000e95ade931.wav,4.144889,4.2557154,4.470398,3.8879516,4.2573485,NISQAv2
000e9b0fdfe2.wav,2.5206523,3.4861946,3.2707856,3.137307,3.1988077,NISQAv2
000e9c1c6175.wav,2.0118687,1.5226288,2.57358,3.590868,3.4529073,NISQAv2
000ea222e161.wav,2.4793794,3.9088676,2.6937184,2.3941977,3.4062326,NISQAv2
000eaf83f47c.wav,3.5013413,3.7690728,4.1148386,3.328189,3.7485282,NISQAv2
000ed570dedb.wav,0.84208626,2.6052516,1.6245577,2.201259,2.0841837,NISQAv2
000ee0fbf8e3.wav,1.1440581,1.402085,1.9646239,1.8999263,3.009589,NISQAv2
000f103ad0d6.wav,2.7612135,2.667361,4.234616,3.5710754,3.7912443,NISQAv2
000f4f15f99a.wav,1.0164747,2.5699785,2.029966,2.4772453,3.954526,NISQAv2
000f4f4a3739.wav,2.0883756,3.714362,2.2555826,2.252229,3.1616857,NISQAv2
000f51909dcb.wav,4.466471,4.3558803,4.5338078,3.986122,4.2727594,NISQAv2
000f52d17f9c.wav,2.1494713,3.723019,2.3325422,2.4200695,2.9012043,NISQAv2
000f54141759.wav,1.309249,2.862086,1.6345084,2.8046086,3.4107924,NISQAv2
000f56f63147.wav,4.2994604,3.3249311,4.607315,4.444949,4.310555,NISQAv2
000f5830c14d.wav,2.562456,2.2893913,3.1538322,3.0716808,3.3429928,NISQAv2
000f63d9aec3.wav,3.523515,4.0205607,3.8266,3.6993477,3.4559753,NISQAv2
000f691bad74.wav,3.8972065,4.1141067,4.3998837,3.343797,3.8109417,NISQAv2
000fb02d3aca.wav,3.4600992,4.2212515,4.2703133,3.7322772,3.9021885,NISQAv2
000fb37c83c4.wav,2.2760894,2.2392323,3.0899506,1.875834,2.8039014,NISQAv2
000fcad84d21.wav,4.1442847,4.3402624,4.425459,3.8681967,4.1174927,NISQAv2
000fe5bf0b20.wav,4.2026014,4.2922816,3.8898575,3.9971843,4.2769675,NISQAv2
000feae88c29.wav,1.2246906,2.9116352,1.4987364,2.5826309,3.873232,NISQAv2
000ffc2b1bd6.wav,2.5858734,2.4636385,3.6912267,2.871792,2.940225,NISQAv2
00102d0b1e52.wav,1.6706223,2.1308844,2.8573678,2.4692829,3.287363,NISQAv2
00102f5639da.wav,3.8174102,2.7637117,4.431925,3.96655,3.4402697,NISQAv2
00103d90d1ba.wav,4.236939,3.6410928,4.645524,4.476404,4.4247084,NISQAv2
00104c80507f.wav,1.8631334,2.5607865,2.2355578,2.581597,2.8239882,NISQAv2
001075a6b77b.wav,2.575652,2.2822187,2.1310232,2.2240922,3.2127874,NISQAv2
001087ee8e96.wav,2.3818727,3.5794227,2.7667546,3.3697765,3.3348804,NISQAv2
0010adeebd58.wav,2.8826642,3.5524614,3.0524995,3.42027,3.3850017,NISQAv2
0010b2a0ffa6.wav,2.0974538,2.8366492,3.8644218,2.161768,2.1823864,NISQAv2
0010e2460f77.wav,2.39776,3.492407,3.7088866,3.2025049,3.757802,NISQAv2
0010f6366beb.wav,1.7670431,2.6854258,2.612746,2.2444506,2.2063136,NISQAv2
0010f76cc805.wav,3.9200573,2.8504083,4.762923,4.484552,4.2322764,NISQAv2
00111b53fc2f.wav,2.779147,2.6529665,4.6026087,4.1757483,4.1152873,NISQAv2
001149771a5d.wav,2.8453794,2.5214567,3.8768542,2.9458268,3.6166236,NISQAv2
00114a639da4.wav,2.1737833,2.5910861,3.18207,2.865581,3.746661,NISQAv2
001167f2ff48.wav,2.10142,3.160474,2.4265835,2.4475482,2.9550889,NISQAv2
00116e3a90a6.wav,2.0926328,2.7305384,2.445185,2.6171243,3.472716,NISQAv2
00116e8b8834.wav,1.2020972,2.275772,3.696218,2.532838,1.7104843,NISQAv2
001194ec01cc.wav,1.7737827,3.111313,1.763087,2.3222158,3.5436933,NISQAv2
0011976ca701.wav,4.2200375,4.3719583,4.315904,3.7508633,4.254904,NISQAv2
00119f994683.wav,1.5690008,2.8415,1.7969098,2.4611332,3.426019,NISQAv2
0011b5564c82.wav,2.798823,3.0237336,3.982376,3.3037636,3.3084538,NISQAv2
0011bca4cb36.wav,2.293963,2.9911325,3.279036,2.3182657,2.9786935,NISQAv2
0011be255a7b.wav,3.1567702,4.336789,4.0539393,4.128535,4.1009736,NISQAv2
0011cb732ebc.wav,2.0702364,3.122212,2.6827319,2.0300984,3.1366818,NISQAv2
0011e1f1e427.wav,1.049824,1.7155743,3.2693713,1.571338,1.2603748,NISQAv2
0011e4ec378a.wav,3.1678424,3.7437162,3.0222304,2.796294,3.5036085,NISQAv2
0011e71a76af.wav,2.3530934,2.4528296,2.785374,3.0837824,3.7970827,NISQAv2
0011f0a60440.wav,4.3388896,4.0924845,4.48582,3.9974551,4.1101995,NISQAv2
00121369a84a.wav,2.4909954,2.1289947,3.7924511,2.5198655,2.6473348,NISQAv2
00122617dab4.wav,3.3379743,2.5595458,4.2452197,3.6182187,3.8236053,NISQAv2
001228ab5e97.wav,0.97020817,2.579498,0.9882118,2.948192,3.7201736,NISQAv2
001231f4105a.wav,3.7443402,3.9967592,4.3512077,4.0950937,3.966416,NISQAv2
0012328cc09e.wav,3.1549032,2.843819,4.2731237,3.7105389,3.7617905,NISQAv2
0012350e0067.wav,1.1152191,2.669122,2.5723596,2.0236895,2.3248856,NISQAv2
00125334cf05.wav,0.8188049,1.8853638,2.2587912,2.2825909,1.8751175,NISQAv2
00125a1277a4.wav,2.4631913,3.8905964,2.7236044,3.1187751,3.639161,NISQAv2
001261f5c6b7.wav,2.2822254,1.9111292,2.2717335,2.8318977,3.2367146,NISQAv2
0012747386a8.wav,4.1029983,4.2498717,4.178957,3.8593318,4.273371,NISQAv2
001282fc00d6.wav,1.1847795,3.6992877,4.004895,2.2716887,1.2377114,NISQAv2
00128c3855f6.wav,1.8165916,3.3267362,2.790942,2.8448968,3.1278465,NISQAv2
00128ecd1aa4.wav,0.97943,2.2829473,2.2511356,2.6613212,3.2783697,NISQAv2
0012a0488509.wav,3.712306,3.770459,4.2041135,3.6866767,3.5711975,NISQAv2
0012a059b81c.wav,3.6900997,2.85698,3.748225,3.937579,4.1806245,NISQAv2
0012a4506205.wav,3.0717032,3.0424497,3.058725,3.4687524,3.7980335,NISQAv2
0012bab77735.wav,1.0496944,2.0166106,1.7244289,2.3630679,2.97038,NISQAv2
0012c5338afe.wav,3.397433,3.153123,4.5628557,3.5165806,3.9953072,NISQAv2
0012ce123668.wav,3.8574226,4.006937,4.1239343,3.5235162,3.9314265,NISQAv2
0012cf70ac18.wav,2.085741,2.9204657,2.1660988,3.0210483,3.2102945,NISQAv2
0012e21989cf.wav,2.4904125,1.799535,3.9282324,3.7343419,3.723325,NISQAv2
0012eab2961e.wav,2.3370674,3.540686,2.769862,3.2034311,3.3627965,NISQAv2
00132a038d63.wav,1.7070366,2.1354373,2.594772,2.3865323,3.5387855,NISQAv2
00132cd1780c.wav,2.9838407,3.587203,4.027193,3.2314053,3.9592159,NISQAv2
0013300a98b1.wav,4.221942,4.1048326,4.347504,4.17574,4.1232533,NISQAv2
00133c328f0d.wav,2.8163893,3.4206755,3.7452676,2.6938324,2.9285393,NISQAv2
00134d3af7fe.wav,3.757464,4.3439126,4.295164,3.2603703,4.080321,NISQAv2
001352ec31fe.wav,3.028922,3.9776313,3.7958014,2.8731644,2.8905597,NISQAv2
00135e588bbe.wav,2.305075,3.313288,3.0984194,3.1702306,2.0103116,NISQAv2
00136c9e2740.wav,3.15078,3.667263,4.2794814,3.7572415,2.9747343,NISQAv2
001390d37521.wav,2.2827961,3.4737713,2.457995,2.5755942,2.2295098,NISQAv2
001392cc5c42.wav,3.6955597,4.1839542,3.8090055,3.8193405,4.188917,NISQAv2
00139cadc21d.wav,1.87454,3.2474363,2.168682,2.3665192,3.2511547,NISQAv2
0013a5112080.wav,2.0296414,3.4265306,1.9612937,2.3914616,3.3829386,NISQAv2
0013a5cd2fac.wav,3.75881,3.9648082,4.137413,3.9109623,3.9831667,NISQAv2
0013dd161ebf.wav,2.22237,2.4334521,3.6297324,2.3192432,2.4838202,NISQAv2
0013f729bf86.wav,2.9158187,2.4070728,4.019576,3.4055064,3.730417,NISQAv2
00140eb114e3.wav,2.5125892,3.726175,2.4055285,2.5057378,2.8751566,NISQAv2
001412588607.wav,1.5974768,2.5527422,1.7645097,2.0307252,2.8435757,NISQAv2
001422a6c69c.wav,2.802925,3.863673,2.7499669,2.8609107,3.117764,NISQAv2
00142e9882db.wav,2.8084238,3.6321342,2.3138,2.34126,3.3183086,NISQAv2
001433a66017.wav,3.0067103,3.6545331,3.4557493,2.9692724,3.5208275,NISQAv2
00144e58e033.wav,2.6506732,2.403162,2.8461921,2.4744837,2.557349,NISQAv2
001464efdd8e.wav,2.0359826,3.2089055,3.4831102,2.9152906,3.5761714,NISQAv2
00147fa860a2.wav,3.547045,2.3884273,4.2987204,3.5975227,3.5612476,NISQAv2
00148bac5c6f.wav,2.1051676,4.059904,2.141116,3.515538,3.9906375,NISQAv2
0014a96c05a0.wav,0.9182523,3.147117,1.0582917,2.842002,3.3347332,NISQAv2
0014ac783f04.wav,3.3535857,3.0123155,3.6844785,3.6615574,3.9210997,NISQAv2
0014afbe5634.wav,3.1792824,2.965847,3.3328388,3.2401512,3.7514818,NISQAv2
0014bde77611.wav,3.5215392,2.768463,4.064895,3.2868893,3.8669474,NISQAv2
0014c7c5aca2.wav,3.3459165,2.7580326,4.1298103,3.3721807,3.7988718,NISQAv2
0014e5d0aac0.wav,2.784561,2.6905868,3.6900046,3.6792917,3.506179,NISQAv2
0014ed3bbda0.wav,4.5402536,4.2684784,4.670062,4.539767,4.3506827,NISQAv2
0014f0e874b5.wav,1.1977485,2.5264204,2.1015604,2.4334953,3.3557718,NISQAv2
0014f452d9d3.wav,3.5524364,4.1437855,4.473283,3.5682611,3.7376215,NISQAv2
00150dae604a.wav,4.011091,4.209258,4.346953,4.0853453,3.3242424,NISQAv2
001515030ae0.wav,1.6809343,2.6923234,2.3521082,2.6856148,2.7306416,NISQAv2
00151c1b169b.wav,2.4850664,3.9593885,3.463938,3.2072554,3.4342592,NISQAv2
00151deffeb4.wav,3.5865295,4.2166047,3.1229234,3.8675194,4.2767777,NISQAv2
00151e4d4204.wav,3.8812993,3.7291198,4.283572,3.7727487,3.755099,NISQAv2
0015357736a6.wav,0.75745404,1.8511019,2.0737605,2.1531975,2.051308,NISQAv2
001580fa2919.wav,3.3434286,3.879668,4.2425146,3.0222585,3.5415556,NISQAv2
0015939a3b16.wav,1.953879,2.5896327,4.0527377,2.7233665,3.4661481,NISQAv2
00159b1c0cd9.wav,2.6972916,2.274692,3.2703655,2.7123902,3.18312,NISQAv2
0015b184ea77.wav,3.5024693,3.9295802,3.8206332,2.5732105,3.3594222,NISQAv2
0015b6525677.wav,0.77610606,2.5128493,1.8035288,1.9946749,3.142678,NISQAv2
0015bee0674a.wav,1.6124512,3.5226738,2.8326828,2.6775281,2.3957014,NISQAv2
0015bf4e9379.wav,4.9055,4.6137395,4.728462,4.5072107,4.7093577,NISQAv2
0015c29ede09.wav,4.527089,4.3173385,4.7283416,4.373717,4.042189,NISQAv2
0015e48a9942.wav,2.1255717,2.234297,3.330829,2.6593637,2.4846702,NISQAv2
0015e6b84008.wav,2.2796476,3.0894406,2.2496643,2.3431237,3.2777925,NISQAv2
0015fa7f9bd8.wav,1.3576635,3.1593087,1.6059017,2.5446076,3.1135857,NISQAv2
00160d0663cb.wav,1.8893291,2.2768457,3.2328475,2.662625,3.2964418,NISQAv2
00160f0d2e72.wav,1.8125175,2.0095382,2.6386955,2.0233135,2.2596033,NISQAv2
001612b3af78.wav,3.959385,4.3589044,3.6616998,3.690355,4.1506896,NISQAv2
00162770ff06.wav,3.392156,3.6553028,4.468213,4.124839,4.066875,NISQAv2
00162a41c6a9.wav,3.226094,3.7093663,3.90924,2.8890216,3.56498,NISQAv2
00163c07dc24.wav,3.557221,4.130505,3.7768586,4.0811853,4.14086,NISQAv2
0016428b38c8.wav,0.94199795,2.7343738,1.7720745,2.8668263,3.4608698,NISQAv2
0016447e4283.wav,1.734781,2.6546361,2.3980415,2.4663937,2.9144838,NISQAv2
001646fef981.wav,4.4070635,4.5327563,4.7766666,4.303265,4.338541,NISQAv2
0016608508cd.wav,3.4486897,3.6153824,3.4018972,2.7640786,3.5806396,NISQAv2
001683324459.wav,1.294124,1.6965547,2.145706,1.9749033,1.7883508,NISQAv2
0016887a8126.wav,1.8590417,3.1459088,2.9808075,2.937312,4.113107,NISQAv2
00168f9b0197.wav,2.5388863,2.2814434,2.3144891,3.1436112,4.132948,NISQAv2
001693b64315.wav,3.6980753,3.7507565,3.926603,4.197449,4.077928,NISQAv2
001699a47395.wav,3.249153,3.991707,3.642259,3.6092966,3.3004222,NISQAv2
00169b64f7d4.wav,0.9156293,2.0924616,1.7711248,2.5066583,3.9517953,NISQAv2
0016a183e444.wav,1.2399068,1.9911618,2.8010256,2.0237432,2.329899,NISQAv2
0016a2cfc10f.wav,3.8084774,3.561805,4.6310115,3.6455553,3.956539,NISQAv2
0016ad2eaa8a.wav,1.4522218,1.9712801,2.4624348,2.0134182,3.7540889,NISQAv2
0016c117042e.wav,4.4140296,4.381914,4.770661,4.4072266,4.646123,NISQAv2
0016c7654f23.wav,2.3361294,2.3047264,2.24866,2.5964942,3.4892008,NISQAv2
0016d3644869.wav,1.0011146,2.5715613,2.0367565,2.101929,3.0542357,NISQAv2
0016e0d4747f.wav,3.386301,3.7504656,4.26309,2.9897254,3.6375096,NISQAv2
0016f155c725.wav,3.204671,4.2919655,3.0412776,3.3596168,3.8206534,NISQAv2
0016fccd79a7.wav,4.487859,4.151664,4.5957274,3.8747103,4.262177,NISQAv2
001704d97e49.wav,0.9804651,2.8955152,1.7649322,1.552701,1.9059674,NISQAv2
001728581f6c.wav,3.5987933,2.761638,4.004774,3.6204674,3.988042,NISQAv2
0017337eed9b.wav,2.1264756,3.5023582,2.0961614,2.4361596,3.3890986,NISQAv2
001735e1e2db.wav,1.6408094,3.1576622,3.9780648,2.4255178,1.7271202,NISQAv2
00174e9e4f99.wav,4.2682858,4.367376,4.5243573,4.1997724,3.8492165,NISQAv2
00174eada7a2.wav,3.7311037,2.344964,4.5017977,3.9962947,4.0634737,NISQAv2
00176ad0d838.wav,1.8055292,2.561365,4.071991,2.7423487,4.1127834,NISQAv2
00178221a200.wav,3.3438737,3.7223742,4.543983,3.3926058,3.8379338,NISQAv2
001789aa56bc.wav,1.638684,2.1333373,2.6179802,2.3652942,3.1427467,NISQAv2
00178e189465.wav,2.3027701,2.2261937,3.125312,3.3730545,3.310787,NISQAv2
00179587f2e4.wav,3.915075,4.5281496,4.4548073,4.0718446,4.246035,NISQAv2
0017a6a1675f.wav,0.72719115,2.1058872,1.3254881,1.7718885,1.1402051,NISQAv2
0017ac90f857.wav,2.4247675,2.6277156,3.8122313,2.539427,2.790414,NISQAv2
0017b21c6989.wav,2.0662127,2.8115852,2.3170695,2.943404,3.5985131,NISQAv2
0017bee45dc2.wav,0.71483004,1.545967,1.8104336,2.0514529,1.6011631,NISQAv2
0017dab04e35.wav,4.7280154,4.200906,4.705791,4.4290695,4.506739,NISQAv2
0017f7a005fe.wav,2.9596689,3.5610666,3.53734,2.703121,3.4588616,NISQAv2
00181389891c.wav,4.97011,4.561392,4.876849,4.4190073,4.756374,NISQAv2
00182ef1d94c.wav,2.0805025,2.921521,2.0076098,2.520085,3.33769,NISQAv2
001838f79da1.wav,3.769163,3.3009965,4.3325763,3.623348,3.110292,NISQAv2
001839be9066.wav,3.239683,2.1436496,4.3124886,3.5502286,3.4598694,NISQAv2
001854db08b7.wav,4.7922997,4.568584,4.766906,4.464031,4.641646,NISQAv2
001858dd644e.wav,4.314421,4.2365994,4.6262016,3.9488127,4.32203,NISQAv2
00188301802b.wav,2.8536215,3.2004204,3.0622756,2.9276083,3.7814324,NISQAv2
00188dd69664.wav,3.2818558,3.7196898,4.1556854,2.5567148,3.6935399,NISQAv2
00188f8af19c.wav,2.641803,2.2932286,2.9697354,3.2274725,3.7730365,NISQAv2
0018932802b1.wav,3.1598377,3.7112563,3.9333866,3.2686865,3.7806592,NISQAv2
00189813d96c.wav,2.1325033,2.2636805,3.604334,1.9999939,2.2816741,NISQAv2
0018b9af0b2b.wav,3.1350534,2.7029042,4.1636767,2.7505157,3.7519972,NISQAv2
0018d199c78c.wav,1.3626949,3.3967168,2.1926947,1.8678528,3.1011121,NISQAv2
0018d28228ef.wav,2.1658714,3.3456857,2.0441484,2.9472036,3.398708,NISQAv2
0018e6699b37.wav,2.735758,3.7811728,2.721031,2.6880114,3.5620716,NISQAv2
001904071c6f.wav,2.182842,2.3978155,2.4907844,2.2102778,2.4807508,NISQAv2
001905ea76fd.wav,4.067629,3.5637093,3.8716655,4.0243754,4.300608,NISQAv2
00190b607f9b.wav,1.9589051,2.5201643,2.7543976,2.6361752,2.35762,NISQAv2
001911611ff7.wav,2.6776264,2.6774695,2.7113912,2.8739922,3.7413929,NISQAv2
001915e34bae.wav,2.890684,2.8836465,3.76697,3.5679462,3.6284218,NISQAv2
00192b8ead03.wav,3.7428868,3.9444792,4.360871,3.8826258,4.059317,NISQAv2
00194eb54773.wav,3.0643637,2.622155,3.9476337,3.1012952,3.4945464,NISQAv2
001961f4786b.wav,2.4430761,1.78283,3.990984,3.428318,3.197847,NISQAv2
00196c083feb.wav,1.168191,3.1362555,1.7210236,1.9409466,2.5898905,NISQAv2
00196e79073f.wav,0.58993745,1.9015236,1.6545563,1.6402017,1.8702568,NISQAv2
0019830b3f28.wav,1.4904069,3.4253557,2.088763,2.4445927,3.1504433,NISQAv2
00199151ee05.wav,1.1524587,2.1759808,1.85291,2.9519727,3.8495977,NISQAv2
00199e326e94.wav,2.2317626,2.542706,4.264349,3.032551,3.257067,NISQAv2
0019a81709f1.wav,4.630339,4.362915,4.6982474,4.2785172,4.4150124,NISQAv2
0019b7bc983d.wav,3.2157085,3.4036915,4.285348,3.715121,3.173477,NISQAv2
0019bcadc2eb.wav,2.6093514,3.7088482,3.734521,3.033755,3.8098104,NISQAv2
0019d704b88c.wav,1.7171077,2.1492553,3.7231965,2.0700517,1.8472507,NISQAv2
0019e5d3718a.wav,3.543295,4.141357,3.2812119,3.0648515,4.0021887,NISQAv2
0019ee5b1667.wav,4.4253173,4.3238215,4.680082,4.1531816,4.326918,NISQAv2
0019f52c626c.wav,4.288191,3.7932339,4.6662407,4.19949,4.231225,NISQAv2
0019f6076d6f.wav,4.395039,4.270971,4.6163044,4.283371,4.4231124,NISQAv2
001a0519ea52.wav,2.7007399,3.539378,3.023528,2.7691953,3.080043,NISQAv2
001a06f6d3c2.wav,1.6165863,2.9596555,2.209484,2.5002654,2.7002532,NISQAv2
001a11c5508b.wav,1.8234463,2.4119978,2.669546,2.645729,2.4471757,NISQAv2
001a1b9e6adc.wav,2.494791,3.816446,2.1796198,3.167658,3.4427333,NISQAv2
001a69b948bf.wav,1.2960616,3.001222,2.2453716,2.8619833,3.6306574,NISQAv2
001a8105c334.wav,2.3597634,3.884082,2.1841273,2.5764258,3.4429114,NISQAv2
001a848f6a9c.wav,4.308964,4.3558726,4.4028463,3.8152695,4.319466,NISQAv2
001a8c899397.wav,2.713895,3.7580516,2.593245,3.1370342,3.7762983,NISQAv2
001a97b8a57d.wav,2.5879388,3.3755488,3.9336088,2.3021538,3.3046448,NISQAv2
001aa6613da8.wav,2.4661515,3.428956,3.4594448,2.5915568,3.3181093,NISQAv2
001ab676728f.wav,1.8251092,2.7179358,2.4316654,2.4941375,2.8044407,NISQAv2
001ab8a52410.wav,0.97069705,3.3104784,1.2030661,2.4717216,3.2242386,NISQAv2
001abfed12c0.wav,3.5815752,3.731408,4.0998387,3.6913714,1.7776245,NISQAv2
001ac166e02a.wav,3.291879,2.7770264,4.339431,3.8701057,4.19636,NISQAv2
001ac912ccc0.wav,1.3430691,2.0055556,2.3705645,2.0650356,2.8078587,NISQAv2
001ad641b6be.wav,1.794481,2.3417032,3.7249215,2.3093555,2.78955,NISQAv2
001adcd4bb23.wav,2.307207,2.4269848,3.2662969,2.2498772,3.1943598,NISQAv2
001aebf56417.wav,1.7167023,2.4830353,2.805678,2.430001,3.1116788,NISQAv2
001afa3b5667.wav,2.5879562,2.7639,2.6866064,2.3446681,3.4208658,NISQAv2
001b1cb2b887.wav,2.1613517,2.818497,4.0613227,3.7864795,3.6821716,NISQAv2
001b1f6a16b4.wav,3.0543869,3.941779,3.989563,3.1118414,3.7486289,NISQAv2
001b3d71ec37.wav,0.7806322,2.5224445,1.5314171,1.9957631,3.1736329,NISQAv2
001b432a950b.wav,2.7225344,4.175886,2.7437866,3.7933056,4.086271,NISQAv2
001b4aaea5b3.wav,3.4955366,2.4346962,4.288315,3.547745,4.0210266,NISQAv2
001b747092ac.wav,2.2681472,2.8569024,2.2073472,2.7418756,3.5353982,NISQAv2
001b8412d0c7.wav,2.9553277,4.0671315,3.4155838,3.4871356,3.0597718,NISQAv2
001b9660e854.wav,3.1139317,3.7309625,4.0136046,2.615964,3.5863934,NISQAv2
001bba1fbad1.wav,2.9888403,2.6077664,3.838849,3.7761214,3.445864,NISQAv2
001bc8230e81.wav,0.9737777,1.30352,1.2893643,1.9209235,2.7355244,NISQAv2
001bf5e41350.wav,2.358832,3.7890656,2.9745152,2.2697794,3.4948041,NISQAv2
001bf761e6f3.wav,1.6400003,3.0481555,1.875504,2.0721257,3.1940224,NISQAv2
001c00758508.wav,2.2557464,2.025351,3.5737307,3.0544815,3.135032,NISQAv2
001c1681749c.wav,3.7902226,3.970527,4.348051,4.0679865,4.2682147,NISQAv2
001c3440227a.wav,1.3698219,2.5357993,1.706131,2.2475815,3.5113473,NISQAv2
001c3e62e829.wav,1.467827,1.78682,3.1102211,1.9974972,2.0756896,NISQAv2
001c524de57b.wav,3.9489439,3.9788027,4.4666057,4.048112,4.4004235,NISQAv2
001c56cb06f3.wav,0.8821591,3.0912712,2.2907677,2.5943673,3.3663223,NISQAv2
001c58b0d9ec.wav,1.6050113,3.123507,2.230593,2.1870632,2.8902485,NISQAv2
001c5a9791f6.wav,3.2770407,3.9951267,3.6828516,3.472364,3.8159058,NISQAv2
001c6ee98202.wav,3.4623656,3.6316926,4.0809913,3.7439442,3.705424,NISQAv2
001c78e05924.wav,2.2010145,3.9317954,3.200491,2.6320345,2.3614805,NISQAv2
001c7d12db52.wav,3.6666427,2.566465,3.2857704,2.7965198,3.7719505,NISQAv2
001c9f084aa6.wav,3.078503,3.6525285,3.1813383,3.3297596,3.3040445,NISQAv2
001ca5acfc5f.wav,3.5814395,2.7316449,4.308407,3.2936947,3.8799145,NISQAv2
001cbd018996.wav,1.2939204,3.224772,1.7739697,2.241953,1.8153565,NISQAv2
001ccd670e52.wav,3.2496,3.2276857,4.406256,3.3142822,3.3313446,NISQAv2
001cd283cb54.wav,2.5892198,3.3791366,3.1924276,3.2993639,3.366214,NISQAv2
001cfded0cd0.wav,1.7093627,3.314531,1.6542964,2.8698542,3.54996,NISQAv2
001d07ae4c63.wav,0.8240339,1.8641803,1.845557,2.2198534,2.6476128,NISQAv2
001d36a7451f.wav,2.3607082,2.2340877,3.8567405,3.0030205,3.0765703,NISQAv2
001d39216ba2.wav,4.3456926,4.2481008,4.5603075,3.7309368,4.085673,NISQAv2
001d3ea33566.wav,1.2225326,3.8010492,1.5624859,2.2641103,3.4241638,NISQAv2
001d42125a60.wav,3.3910623,2.7683842,4.632971,3.915034,4.070008,NISQAv2
001d4e06f5b4.wav,3.7752407,3.5699728,4.410976,3.6898196,3.8708396,NISQAv2
001d6dc0fe48.wav,2.829478,3.8426435,2.5615933,2.8606591,3.563788,NISQAv2
001d748599de.wav,2.5442054,2.6048992,2.463976,2.859521,3.719936,NISQAv2
001d7c0589ee.wav,1.6548511,3.238419,1.9562609,2.9307244,2.9723399,NISQAv2
001d7f91ba9d.wav,2.892382,3.1622698,3.9841974,2.675071,3.2959466,NISQAv2
001d848ed5f2.wav,3.6272976,4.1624513,3.5422637,3.213854,3.4548652,NISQAv2
001d8a1f6636.wav,3.5118449,2.6289306,4.3694854,4.0160613,4.0607023,NISQAv2
001d995e6816.wav,1.9960722,3.5276172,2.2234163,1.986412,2.732227,NISQAv2
001db1231fa5.wav,4.3089695,4.262565,4.491858,3.7730849,4.3663154,NISQAv2
001db1383e9d.wav,3.7220325,3.8521006,4.200813,3.8169813,4.068588,NISQAv2
001dc00dda02.wav,2.5331361,2.2942193,3.549142,3.5568864,3.8652165,NISQAv2
001dc5a05875.wav,2.093666,3.6866915,2.5889003,2.9781923,3.1071107,NISQAv2
001ddb859349.wav,3.8208168,4.0434103,4.21078,3.8713787,4.119026,NISQAv2
001de891e2c3.wav,2.2987602,3.0251749,2.6328437,2.7254183,3.4585137,NISQAv2
001dee041986.wav,2.3677871,3.4735727,2.7291932,3.178147,3.328468,NISQAv2
001df51c6bf4.wav,2.5692751,3.7657278,2.779308,2.5345938,3.1529038,NISQAv2
001e111a7355.wav,1.1927161,2.8284204,1.7280703,2.4422252,3.6438987,NISQAv2
001e17d6e465.wav,2.9837844,3.994436,3.3206234,3.28823,3.513512,NISQAv2
001e1927719a.wav,2.4866178,3.1183808,4.0671473,3.3849068,3.1722622,NISQAv2
001e3a84ad79.wav,3.1715944,2.9661546,3.9419503,2.4325793,3.4670994,NISQAv2
001e49a3e61b.wav,3.8489964,2.546863,4.6243367,4.447782,4.413083,NISQAv2
001e6e444c11.wav,3.2329237,3.2763588,4.061111,3.5633044,3.561984,NISQAv2
001e8288814f.wav,4.420065,4.5279202,4.6815424,3.712579,4.32281,NISQAv2
001e917340a0.wav,1.2815515,1.7956424,3.1560442,2.3869221,1.4462819,NISQAv2
001e9989dd23.wav,0.8310988,2.6404214,1.5493054,2.0231805,2.588043,NISQAv2
001ea3d7bcdb.wav,3.1308062,3.4588091,3.1302533,3.2880666,3.5754752,NISQAv2
001ea4cac017.wav,4.77907,4.5478215,4.8855376,4.423061,4.50713,NISQAv2
001eac59b6ed.wav,3.8096354,4.0576944,4.2100854,3.2203262,3.76334,NISQAv2
001edcf93677.wav,1.9672089,3.9828968,2.9074848,2.1607144,2.306482,NISQAv2
001f06c1c9d5.wav,2.0681255,2.2145276,3.841409,2.154143,2.7627356,NISQAv2
001f0ffaef09.wav,1.8176389,2.304304,3.2823653,2.9963825,2.9826596,NISQAv2
001f1625e90c.wav,0.76397187,2.4590466,1.4889505,2.8116908,3.850836,NISQAv2
001f20321efd.wav,4.5880504,3.9125586,4.444767,4.3518863,4.6320577,NISQAv2
001f2c09d4fc.wav,3.6503766,3.9441395,4.2813315,3.773894,3.199472,NISQAv2
001f2d2a13b1.wav,0.9651457,3.40476,1.0494838,2.5112717,3.0837193,NISQAv2
001f3b520a16.wav,1.7935295,2.9560912,2.1332076,2.3631966,3.1918743,NISQAv2
001f3df7c35f.wav,4.425343,3.7371783,4.4623766,4.1637197,4.3342733,NISQAv2
001f4a64c8b9.wav,3.320656,3.3311398,3.7246768,2.9799974,3.4635108,NISQAv2
001f5c96575e.wav,2.2685187,1.9756315,3.9159133,3.5287373,3.518771,NISQAv2
001f611ed84c.wav,2.35758,2.7334797,3.1323893,2.2517903,2.951816,NISQAv2
001fb5ceae97.wav,1.3269438,3.8181508,2.0140553,2.1275823,2.2377477,NISQAv2
001fceb9cd3a.wav,2.5982697,4.003362,3.6717823,2.630198,2.3017986,NISQAv2
001fe3048536.wav,1.7364217,3.1035416,1.9741099,2.05717,2.872855,NISQAv2
001fedaabdae.wav,1.4067155,2.0132167,2.7452283,2.1881747,2.1086407,NISQAv2
001ff6bd0b1a.wav,1.2757617,1.8958046,2.1265187,2.1115348,3.0622594,NISQAv2
001ff8e03191.wav,3.0496948,2.5025508,2.5737977,2.9965265,3.6653721,NISQAv2
0020015ad892.wav,3.4998949,3.682346,4.387633,3.7484853,4.0105066,NISQAv2
002010b228f6.wav,2.9654098,3.9085891,2.9537947,3.3135307,2.9094605,NISQAv2
0020214fe9ec.wav,1.5913233,3.559601,2.073844,2.5614288,3.043671,NISQAv2
002022d35b09.wav,2.781078,3.9655464,3.0144167,2.9409912,3.9104874,NISQAv2
002026962c8e.wav,4.0892086,4.359029,4.14624,4.147386,4.1196156,NISQAv2
002028af605f.wav,1.0306689,1.7195336,2.1037467,2.2348561,2.043668,NISQAv2
00202e2c1868.wav,2.433811,2.8932679,3.2730064,2.3963664,2.9432435,NISQAv2
00203d893924.wav,2.6049964,2.7802656,3.0417569,3.2162333,3.3188655,NISQAv2
00205892a1d0.wav,1.0634205,1.5432854,1.7238116,2.0011187,2.4691715,NISQAv2
00206291345a.wav,1.7164115,3.2825751,1.6583335,1.8244023,3.3347282,NISQAv2
00206b4ae9cb.wav,2.0849152,3.0850701,2.8840077,2.7763302,3.0828195,NISQAv2
00207d38ba30.wav,3.3763416,3.9273949,3.2884285,3.8032482,4.240013,NISQAv2
00207e281ed1.wav,3.3447762,2.2722816,3.78173,3.7991664,3.6516426,NISQAv2
00209da2309d.wav,2.2249267,3.7312586,2.44505,2.333141,2.666332,NISQAv2
0020a5595850.wav,2.58765,2.5854537,3.1651604,3.0373406,2.9631567,NISQAv2
0020cfc816eb.wav,2.5321863,3.2700288,2.4428089,2.5994477,2.9189746,NISQAv2
0020d2b2f760.wav,1.8331957,2.4799542,2.8841438,2.710861,2.8656142,NISQAv2
0020d81b6344.wav,3.8166456,4.2071214,4.5788507,3.9283888,4.162539,NISQAv2
0020dbd7389b.wav,3.6626704,3.4109764,4.0340304,2.909858,4.012191,NISQAv2
0020f2faf634.wav,4.2836604,3.3359191,4.614623,4.0758147,4.443654,NISQAv2
002108ece9b6.wav,2.2589884,3.7946494,2.4186957,3.0301611,3.5999377,NISQAv2
0021147cdc91.wav,2.4553947,3.5034528,2.4234068,3.0088356,3.2893622,NISQAv2
00211f19d12d.wav,1.1063093,2.2782185,2.3265274,2.7649806,2.9998753,NISQAv2
00213c75b091.wav,2.5970855,2.4889133,2.943062,3.1395867,3.6567447,NISQAv2
00215fb27e6a.wav,3.0618632,2.5218031,3.8783853,3.4468386,3.832924,NISQAv2
00216238277f.wav,1.7747494,3.300876,1.9509859,3.1362026,3.812424,NISQAv2
00217e631b5b.wav,2.9563415,3.9694543,3.4025605,3.5164907,3.589148,NISQAv2
0021ab633fc7.wav,2.7631593,3.6197636,3.2697928,3.06926,3.0728374,NISQAv2
0021bc661248.wav,4.1583595,3.6923149,4.561252,4.0597444,4.1945667,NISQAv2
0021d4247f8e.wav,0.7865656,2.8680441,1.1569347,2.7842562,3.8636363,NISQAv2
0021f63fa0ac.wav,3.632686,2.4392416,4.632001,4.214279,4.231896,NISQAv2
0021f704c286.wav,2.5341318,3.6635451,2.3771598,3.1686385,3.9615939,NISQAv2
0021f9738190.wav,1.0425285,2.1820464,1.9133685,2.1418362,2.7378373,NISQAv2
002211bcfde0.wav,2.7414541,2.4261272,2.9391317,3.5542254,3.7131639,NISQAv2
0022134002dc.wav,1.8851572,2.2248714,2.6513264,2.8707657,3.1366568,NISQAv2
002224c6d1c1.wav,3.2272367,3.6865273,3.8819647,3.6417987,3.8811283,NISQAv2
002235e5b9b9.wav,2.4389117,3.932894,2.465994,2.4868968,3.328688,NISQAv2
0022393dc8c9.wav,3.2706428,2.7851486,4.386363,3.9016476,3.8709705,NISQAv2
002239c4f40a.wav,2.0662003,3.0444376,2.452078,2.6620483,3.4522917,NISQAv2
00224fc87a8b.wav,2.4245245,3.4582162,3.7027915,2.7929919,3.368951,NISQAv2
00225d3bfd74.wav,1.1573561,2.3865187,1.4752197,2.0355875,2.5684474,NISQAv2
0022612e1523.wav,2.6398985,2.240204,4.154276,3.6584277,3.5469391,NISQAv2
0022661ec1e3.wav,2.4457464,3.5599115,3.6594186,2.3003037,3.0263925,NISQAv2
00226668814c.wav,4.627866,4.447004,4.9291296,4.354231,4.1509995,NISQAv2
00227495940e.wav,3.4094915,3.1235144,3.8728688,3.188269,3.7459414,NISQAv2
00227b240a0e.wav,3.0460107,3.315768,3.7328432,3.3220909,3.0238018,NISQAv2
002281a742f6.wav,2.6424632,2.6726215,3.0865805,3.0175226,3.732022,NISQAv2
0022973bac86.wav,0.9286037,1.6602432,1.5911736,2.2111819,3.161504,NISQAv2
00229b7c49dd.wav,3.3716629,4.0849156,3.6288857,3.2527733,3.2257302,NISQAv2
0022a55d61e7.wav,2.3857448,3.8228714,2.7803404,2.448185,3.1118844,NISQAv2
0022b5ead605.wav,3.5388381,3.9281104,3.6144373,3.2894943,3.2633636,NISQAv2
0022b89c405d.wav,1.691782,1.9907126,2.529248,2.0591018,2.1534934,NISQAv2
0022c8ef3d22.wav,3.1265645,3.6849463,3.7130773,4.00307,3.851063,NISQAv2
0022dc103f39.wav,1.7962911,3.3293788,2.9635887,2.589453,3.8249087,NISQAv2
0022e05bd806.wav,4.419158,4.521931,4.4677887,4.163858,3.8871808,NISQAv2
0022e92dae2f.wav,2.5185997,1.8979659,3.3248575,2.6883473,3.4391882,NISQAv2
0022eb2e280c.wav,3.041786,3.1116843,3.4749072,2.5954976,3.5009882,NISQAv2
0022fdde767a.wav,3.661157,3.6814246,4.2943163,3.6390116,4.0540004,NISQAv2
0022fe8aa136.wav,2.920631,2.7505052,2.688877,2.6888115,3.5641377,NISQAv2
00230302900a.wav,2.7274208,2.536595,2.701538,2.7223516,3.765389,NISQAv2
00230970e74d.wav,1.2491384,2.326523,2.0805895,2.2111108,2.9036598,NISQAv2
00230eba6793.wav,1.8007476,3.28748,2.2197194,1.716742,3.0694451,NISQAv2
00230fd9e4bf.wav,1.703462,1.9958551,3.7819889,2.3154318,1.7834386,NISQAv2
00231ac213f7.wav,1.3558687,1.8580738,2.2953656,2.105553,2.7430766,NISQAv2
002322f25cb6.wav,3.79361,4.2914004,3.287394,4.0494804,4.2038784,NISQAv2
0023273889f4.wav,1.352425,2.6337945,2.3339965,2.313586,2.2184796,NISQAv2
0023451d60de.wav,3.0305455,4.115233,3.8315995,3.6871796,3.7771673,NISQAv2
002355d2b373.wav,2.9766862,2.9693804,4.2863026,2.6702428,3.7361083,NISQAv2
00237a009b75.wav,1.8968221,3.3067229,1.9689958,2.5922942,3.3356516,NISQAv2
00237e522288.wav,2.1139472,2.9853537,2.9246356,3.0131373,3.4949937,NISQAv2
0023853af1ca.wav,2.022187,2.7517307,1.9259424,3.155289,3.7762902,NISQAv2
0023c0db372b.wav,2.2915218,3.1149552,3.362659,2.454316,3.7211957,NISQAv2
0023c944ae1b.wav,1.5192845,3.6374247,4.0209346,2.211126,1.4026747,NISQAv2
0023d4d39dff.wav,1.9050667,1.6929394,3.6248477,2.5521238,2.4962277,NISQAv2
0023f35ef8c7.wav,3.7488825,2.809201,4.239785,3.9422493,4.1601863,NISQAv2
0024098c049f.wav,1.0269861,1.4852626,2.64774,1.8955622,2.1202872,NISQAv2
00242e563abb.wav,2.1014977,2.3542202,4.091897,2.496925,3.2555177,NISQAv2
0024825e9a02.wav,0.8356275,2.2688546,2.5751255,1.9182372,1.1211259,NISQAv2
00249c536cff.wav,0.6208274,1.9361267,1.7755368,1.7087294,2.018603,NISQAv2
0024a4b3c867.wav,1.4592773,2.5138674,2.7448723,2.635289,3.5644658,NISQAv2
0024b0a77e89.wav,1.4506481,3.3052595,1.8703027,2.1099129,2.560733,NISQAv2
0024bf205bb8.wav,3.5964239,3.9925745,4.287632,3.6055334,3.8666162,NISQAv2
0024e2cea58d.wav,1.958758,3.4436672,2.2902458,2.0590813,3.1364686,NISQAv2
0024e6237533.wav,2.9410036,3.6439033,2.8552902,2.478874,3.652198,NISQAv2
002500e1b997.wav,2.5403597,3.1515162,3.693781,3.0111325,3.440924,NISQAv2
0025363f0f89.wav,1.0569162,3.863343,1.092344,2.738983,3.2477067,NISQAv2
002568a7c980.wav,2.2191613,2.6237566,2.531511,2.5832675,3.1247106,NISQAv2
00257b7fd106.wav,2.9181025,3.1955588,3.376233,2.4492946,3.4397929,NISQAv2
002589ea2456.wav,2.6086657,3.8646462,3.581845,1.9898728,3.280347,NISQAv2
0025b56be8ce.wav,3.1522343,4.1691833,3.288959,3.1696615,2.9403205,NISQAv2
0025bb63508e.wav,1.4915755,2.28217,1.6051209,2.5256648,3.4927619,NISQAv2
0025d92243da.wav,3.0792196,2.6064494,4.3180666,3.7731173,3.9557533,NISQAv2
0025dc4d3ec5.wav,1.9380832,2.4969542,2.2223504,3.4310088,3.6208975,NISQAv2
0025e4e69889.wav,1.7422752,1.7117919,3.169327,2.518446,2.4974387,NISQAv2
0025f3c2a301.wav,2.050501,2.821685,2.1217823,2.530274,3.3498342,NISQAv2
0025f67ed34f.wav,3.1051977,2.9721892,3.4344509,3.3117995,3.4356515,NISQAv2
0026054f94d9.wav,1.9376014,3.0319178,2.9387424,3.0064313,3.3483675,NISQAv2
00261f23116c.wav,1.8163245,2.907472,2.2760224,2.2144606,2.914736,NISQAv2
0026223460c5.wav,2.8943288,3.8059464,3.151728,2.7801714,2.9404156,NISQAv2
002624a2bee4.wav,3.696312,3.6788647,3.9667666,3.5310159,3.3506212,NISQAv2
002625a05aca.wav,2.0411963,3.1710978,2.45169,2.723251,2.9736643,NISQAv2
0026526fd39e.wav,3.6880116,3.1469462,4.372524,3.8966959,3.9850457,NISQAv2
0026536f5cb9.wav,3.3345282,3.5642502,4.284897,3.6721966,3.8301294,NISQAv2
0026aa5acb9f.wav,3.6586897,2.9782999,4.0501504,3.624727,3.7613542,NISQAv2
0026b686ab88.wav,1.1314046,1.6670876,2.230933,2.1129425,2.045617,NISQAv2
0026bb79005d.wav,3.2183545,3.7398574,3.628013,3.017628,3.6620088,NISQAv2
0026ca67f7fa.wav,1.1718429,2.7280965,1.1418903,2.7517295,3.4599836,NISQAv2
0026cc845227.wav,2.2174468,3.6992052,2.19872,2.603221,3.3890607,NISQAv2
0026da432cca.wav,4.0596337,4.1683145,4.3617053,4.147654,4.3682,NISQAv2
0026e203996d.wav,1.2662894,2.4444368,2.8367934,1.7456875,3.0706537,NISQAv2
0026eddcce76.wav,2.5894282,3.2426126,2.9828844,2.4230406,3.6354072,NISQAv2
0026f15ee5cb.wav,2.403585,3.2683456,2.9355423,3.0725656,3.1648219,NISQAv2
0026f37d92ee.wav,2.68063,2.5931323,3.8248975,2.7168832,3.465481,NISQAv2
00271714e462.wav,2.5449631,3.3090212,2.7854197,2.2644126,3.4094157,NISQAv2
00272d87215d.wav,2.8956745,4.0104203,3.662632,2.918661,3.4808252,NISQAv2
002735af20d0.wav,2.3181775,2.440193,2.8301318,2.619768,3.0278103,NISQAv2
002741459d9d.wav,1.6187166,2.4271696,2.2741542,2.6051362,2.7911956,NISQAv2
00275b6c27cf.wav,1.2713058,1.7506804,3.3045962,1.9840176,1.584384,NISQAv2
00275de35292.wav,3.1326354,3.2588944,4.27127,3.5183308,3.1971557,NISQAv2
00275e1d49a7.wav,3.7858026,3.782575,4.1849856,3.5592926,4.180303,NISQAv2
00277f8cec0b.wav,2.2422302,2.3024347,2.870342,2.505099,3.274752,NISQAv2
0027808bc8c2.wav,1.2438451,2.1312387,2.224004,2.7423432,3.6688173,NISQAv2
0027e0916ba7.wav,2.7114105,2.9184265,3.013829,3.1188388,3.8329916,NISQAv2
0027e7547264.wav,1.0112913,1.9079762,2.0310411,2.4913712,3.253135,NISQAv2
0027ea173c7d.wav,3.1124535,3.4728374,3.8756237,3.3365996,3.5212033,NISQAv2
0027eca4864c.wav,1.2500333,3.5113387,1.6037364,1.9989138,2.5754817,NISQAv2
002814fc6d80.wav,2.8531868,2.6427395,3.4519339,3.0300448,3.7320168,NISQAv2
002829c5d4d5.wav,5.0257196,4.6846776,4.9074078,4.599276,4.6925664,NISQAv2
00283d1f23e1.wav,2.8429174,3.6008477,3.9076552,3.4985244,3.114956,NISQAv2
0028402e387e.wav,2.6774037,2.6251817,2.8733103,3.525544,3.4362962,NISQAv2
002870d2bd91.wav,1.9121813,1.9069351,2.65394,2.3883557,3.574197,NISQAv2
002871bc1fee.wav,2.5337903,2.70665,3.0046318,3.1000025,3.1228383,NISQAv2
0028765bba77.wav,3.3733995,3.4762583,3.6535993,2.7149222,3.796472,NISQAv2
00287a416cb9.wav,2.3428085,1.8431402,3.7443106,2.9493184,3.1600926,NISQAv2
00288f71b1ce.wav,1.9209654,3.6563725,1.679589,2.2324777,3.318963,NISQAv2
002892fdf9cd.wav,2.1407154,3.346524,2.7820456,2.9983518,3.0668912,NISQAv2
002895600f1a.wav,4.136605,3.4461043,4.20051,3.8908224,4.353079,NISQAv2
0028a5195a5d.wav,2.8738742,3.728959,3.3750625,2.6750042,3.6488435,NISQAv2
0028aae2942e.wav,2.5450447,3.8412192,3.459862,3.0382605,3.5444984,NISQAv2
0028ae781302.wav,1.406069,2.2858877,1.7089651,2.0955048,3.288542,NISQAv2
0028bade87fe.wav,0.8282157,2.2347772,1.7618301,1.6909661,1.8842,NISQAv2
0028f2de61ee.wav,2.3761296,3.5189378,3.0572643,3.1371992,3.0119007,NISQAv2
0028f9b42916.wav,4.3231845,3.472685,4.260245,4.2402053,4.2834725,NISQAv2
002917163767.wav,2.3917809,2.4959033,2.0111258,2.337611,3.3649867,NISQAv2
002923476881.wav,2.544251,3.3796945,3.2265084,3.9714396,3.9471004,NISQAv2
00293c4ae1ce.wav,2.3983347,3.3176596,2.9716098,3.2587287,3.3661098,NISQAv2
00293c664024.wav,2.1426735,2.1163542,2.8785956,2.9996784,3.1800556,NISQAv2
002964a32d5d.wav,2.9396896,2.30392,3.8920279,3.03386,2.9771628,NISQAv2
00296cb9ffbc.wav,1.0963081,2.0969505,1.9295168,2.5704186,3.9674296,NISQAv2
002984bdef0b.wav,3.9442475,2.9866111,4.278225,3.8097782,4.074884,NISQAv2
00299fb87eba.wav,3.2468188,3.1476638,3.9510303,2.7484033,3.769615,NISQAv2
0029a8831ab7.wav,2.2075586,3.7362647,2.317509,2.3221622,3.1959596,NISQAv2
0029cc70219f.wav,4.743843,4.0776777,4.8099117,4.5392156,4.6825533,NISQAv2
0029dbfbaf6b.wav,2.0393345,3.2500005,2.264756,2.7653306,3.4275794,NISQAv2
0029e2a1c078.wav,3.2649019,4.1222506,4.052034,3.3828049,3.9302783,NISQAv2
0029f03e6f4b.wav,4.1725755,4.165191,4.3179803,3.7248118,4.1038046,NISQAv2
002a0d23d9df.wav,1.8896335,3.3268363,3.474556,2.0866976,2.9744103,NISQAv2
002a2352a23c.wav,2.988346,3.2384384,3.183521,3.1655345,3.6424127,NISQAv2
002a38d033fa.wav,2.5248406,3.649684,2.8456247,2.5024793,3.3684871,NISQAv2
002a44efa541.wav,1.1198177,2.5235465,2.0965705,2.6191168,3.55927,NISQAv2
002a834fd685.wav,2.777382,3.9633017,3.008255,3.177358,3.8049438,NISQAv2
002a87bf780e.wav,1.0768162,2.630925,1.9054754,2.7590654,4.023201,NISQAv2
002a8f289f1b.wav,4.368984,4.293966,4.6495266,4.307891,3.3552883,NISQAv2
002a93feec01.wav,3.7217484,2.9027386,4.230303,3.7173338,4.115689,NISQAv2
002a9e6a9067.wav,2.1832943,3.0556262,2.6645935,2.4141726,3.3582602,NISQAv2
002ab1a6154c.wav,2.8586242,3.6769173,3.9169014,2.6554453,3.1694784,NISQAv2
002ab8b6f5a2.wav,3.1021452,2.9970434,4.294977,3.297856,3.6633277,NISQAv2
002ae2d7f55d.wav,2.2166681,3.0109074,3.0216055,2.468061,3.2295392,NISQAv2
002aeae38579.wav,2.2230923,2.4450881,3.709822,2.7653055,2.2139812,NISQAv2
002aed489564.wav,2.7251725,2.508362,3.52667,3.1878674,3.259671,NISQAv2
002aeef7fc61.wav,1.5810131,2.3146307,2.6645982,2.19687,2.9094555,NISQAv2
002aef620222.wav,3.8726392,3.9249828,4.3804364,3.9758317,3.4608946,NISQAv2
002afc2a90fb.wav,2.1555822,4.0856647,2.1872747,2.8230512,3.63329,NISQAv2
002b02c7d119.wav,1.8761417,3.3896573,4.0026865,2.4743705,2.445977,NISQAv2
002b06bd853e.wav,3.0710185,2.7678642,4.3689327,3.4032023,3.5375326,NISQAv2
002b3d23bb72.wav,2.2789252,3.3082426,3.92328,1.916723,2.4062169,NISQAv2
002b4abb877d.wav,2.554548,2.7167618,3.194104,3.353677,3.5761745,NISQAv2
002b69861822.wav,4.382337,4.1891522,4.706809,4.31922,3.3788702,NISQAv2
002b6fbf1b60.wav,0.9774063,2.753211,1.111412,2.9449327,3.6568108,NISQAv2
002b73f961c4.wav,1.8711358,1.9461606,2.909924,2.3290348,2.2172093,NISQAv2
002b74a8bf10.wav,3.3427167,3.0599515,4.3061094,3.2584429,3.629781,NISQAv2
002b94509778.wav,4.789994,4.6786923,4.85818,4.4662747,4.7102714,NISQAv2
002bb1174673.wav,1.1791598,1.7863955,2.6959612,1.5129895,1.6661878,NISQAv2
002bb36188ca.wav,3.4634435,3.9016578,3.3177888,3.38501,3.9384227,NISQAv2
002bbee85c9d.wav,2.0340073,2.3981419,3.8375428,2.5310438,3.3916068,NISQAv2
002bcec641c4.wav,3.4608712,3.8923,4.391853,3.3709133,3.7589796,NISQAv2
002bd78cfe43.wav,2.3130105,4.3002715,4.053171,2.6764338,1.8433409,NISQAv2
002bd8d05e9a.wav,1.5089728,2.7418623,2.4685152,2.2342474,3.1337757,NISQAv2
002bdd43bf94.wav,1.657323,2.5281525,2.4882004,2.593009,3.1344311,NISQAv2
002c106c9a15.wav,3.4698124,4.2489505,4.223825,3.5660725,3.265864,NISQAv2
002c318bcffc.wav,4.325939,4.3766837,4.4786434,4.1293635,4.4812813,NISQAv2
002c33adbd3a.wav,2.6107094,3.7848155,3.4220483,3.178631,3.8509297,NISQAv2
002c38cbe1f2.wav,1.3757472,2.854875,1.7512052,1.8935252,2.886494,NISQAv2
002c62e4b38d.wav,3.8806407,3.78392,4.2717915,3.0927575,3.6966128,NISQAv2
002c711a0a78.wav,2.2396424,3.6375263,2.52299,2.1012547,3.258498,NISQAv2
002c939d9456.wav,2.6788437,2.0630813,3.7969546,3.3473613,3.2767527,NISQAv2
002c9457dc0d.wav,2.6506758,2.2950592,4.188501,3.4925091,3.7056947,NISQAv2
002c9ca41333.wav,1.7779871,2.9411743,2.161718,2.3231757,2.9213703,NISQAv2
002cb1f3d724.wav,0.99752975,2.1250305,1.3718576,2.0438685,3.0705268,NISQAv2
002ce274f385.wav,4.019944,4.2847133,4.2809525,3.5739343,4.16999,NISQAv2
002d014e5c84.wav,2.5836084,3.2685082,3.0375538,3.509561,3.092296,NISQAv2
002d22ce8aab.wav,2.4725199,3.4317396,2.9826653,2.6834266,3.0701213,NISQAv2
002d279d0fee.wav,1.7643448,2.3719943,2.6229932,2.973547,3.0579891,NISQAv2
002d292faec4.wav,2.8213255,3.869813,3.5280483,2.5487359,3.4686575,NISQAv2
002d43324f64.wav,2.8982232,2.5680044,3.31819,3.1805108,3.6346815,NISQAv2
002d438304ac.wav,3.1259415,3.6743267,3.0221746,3.3963878,4.105216,NISQAv2
002d66705239.wav,2.32769,3.4599955,2.3408465,2.4572012,2.9324453,NISQAv2
002d95fb5757.wav,1.6861514,3.070772,2.3072014,3.334965,3.5584037,NISQAv2
002d9a18dc3d.wav,2.6467679,1.9652083,2.929642,2.9000053,3.5460572,NISQAv2
002d9d167112.wav,0.83911896,1.6988773,1.5994396,1.7670949,2.1428158,NISQAv2
002dc4df361c.wav,3.0435252,3.8050382,3.560123,2.8614032,3.656585,NISQAv2
002df503a259.wav,2.1266932,3.435375,2.6356962,2.7296164,2.1666195,NISQAv2
002e05dbaf2b.wav,1.1133485,3.1299722,2.1425269,2.354682,2.985956,NISQAv2
002e2fb4b5cb.wav,4.27452,4.1513567,4.547655,4.140903,4.1072354,NISQAv2
002e307ce3c3.wav,1.3839442,1.8463081,2.8928525,2.338312,2.0084887,NISQAv2
002e33057776.wav,1.0822262,3.6058986,1.1120021,3.494428,4.073577,NISQAv2
002e4e85fecc.wav,3.286565,3.4339273,3.2657783,3.4425788,4.0191956,NISQAv2
002e5ba8bcba.wav,1.6290599,2.2893221,3.610205,2.090048,1.4888057,NISQAv2
002e643f6472.wav,1.0383035,1.8628945,2.3955119,2.5847132,2.615703,NISQAv2
002e6a815c00.wav,2.781478,3.6027684,3.972948,3.4037611,3.3870904,NISQAv2
002e6fc3736c.wav,2.0258465,2.415333,3.5961025,3.464958,3.9119024,NISQAv2
002e9f738e66.wav,1.5765386,2.6274974,1.9373522,2.434665,3.4581587,NISQAv2
002ea1293ce1.wav,1.5510883,2.7141554,1.5632248,2.3119934,3.0555604,NISQAv2
002ea73d9a5a.wav,2.7367194,3.8778417,3.7197134,2.478028,3.5194504,NISQAv2
002eba328a29.wav,3.1835449,2.7512987,3.844142,2.8197856,3.6469297,NISQAv2
002ee3728b67.wav,1.2218828,2.9309127,1.9680464,2.8008444,3.0561068,NISQAv2
002eea6fa2cc.wav,2.786878,3.670959,2.6150315,3.6911094,4.1201396,NISQAv2
002eedd07b60.wav,1.9464618,3.4684508,2.0089574,2.6050222,3.332939,NISQAv2
002f010997be.wav,3.7273252,3.9848878,4.053916,4.161197,4.4264617,NISQAv2
002f249a0378.wav,2.1216118,3.4430726,2.3732789,2.503922,3.422862,NISQAv2
002f3a092284.wav,2.3575077,2.9115684,3.3254833,3.3229406,3.123522,NISQAv2
002f44878d89.wav,2.6576653,3.330838,3.0470693,2.5306132,3.4964163,NISQAv2
002f6b80488c.wav,1.6279671,2.638122,3.4689126,2.492255,2.5146692,NISQAv2
002f80ee19c7.wav,3.7004237,4.158512,4.376588,3.5027673,4.035417,NISQAv2
002f8f6ada41.wav,2.809424,2.225433,4.219824,3.578212,3.645239,NISQAv2
002fc5e367ba.wav,1.145994,1.8526301,2.2299883,1.6296262,1.6322162,NISQAv2
002fcf1fece6.wav,2.4654114,3.5042498,3.1256926,3.1662157,3.3855803,NISQAv2
002fd7e9b88c.wav,2.3067062,2.3709164,2.906875,3.0417862,3.668799,NISQAv2
002fe1aea357.wav,2.3263438,3.5778015,2.2263196,2.9742863,3.3089464,NISQAv2
002feb74e99c.wav,3.0214822,3.6704524,3.810544,3.2911034,3.6690993,NISQAv2
002ff2a94ae0.wav,3.4992611,4.2664084,4.611567,4.17876,3.8198242,NISQAv2
00300f2fbf0e.wav,3.0763915,3.7138202,3.589957,2.819751,3.6376297,NISQAv2
003016596a77.wav,0.97561526,1.5871985,1.9702742,1.9498596,2.1301966,NISQAv2
003018c83886.wav,4.4717145,4.1956825,4.5928946,3.9238708,4.309938,NISQAv2
003030ed0876.wav,2.8405564,2.7531004,3.570828,3.1927228,3.9522238,NISQAv2
0030534671f7.wav,4.073113,3.1836445,4.3049407,4.173798,4.2982144,NISQAv2
003061bfe296.wav,3.5899708,3.7895372,3.7158198,3.6698515,4.0498357,NISQAv2
003065ad62cb.wav,3.433275,2.3596008,4.53436,3.7959619,3.508812,NISQAv2
003071b12504.wav,3.1003368,4.1487846,4.3222103,2.9088387,3.9619272,NISQAv2
003076e8f9c0.wav,3.2697887,4.257463,4.028788,2.808266,2.9188647,NISQAv2
00307a9d53c3.wav,1.9276184,2.411196,3.1745527,2.5631552,2.802622,NISQAv2
0030910ee280.wav,1.4964303,3.7240398,1.6125498,2.959853,3.3374383,NISQAv2
0030982273c5.wav,0.9625974,3.1984155,1.3504572,2.4135785,2.823779,NISQAv2
0030a553ae41.wav,1.955926,2.1431217,3.2163076,2.4202542,2.511106,NISQAv2
0030aa2afe50.wav,3.8358185,3.8258579,4.115289,3.6483886,4.006485,NISQAv2
0030b5483006.wav,3.9281693,4.1909957,4.2845964,3.8964531,4.030351,NISQAv2
0030bc3445be.wav,2.8771105,3.5334146,2.9615114,2.9934914,2.8384159,NISQAv2
0030bcaf00d9.wav,1.9103097,3.4597778,2.2207046,2.4890869,3.3487542,NISQAv2
0030d7120ed5.wav,4.3522186,3.8554013,4.663657,4.494682,4.5401587,NISQAv2
0030e6bc7441.wav,4.0429754,3.982886,4.2111773,3.8733103,4.3219023,NISQAv2
00311ed4dd25.wav,2.8998597,4.071536,3.051579,3.3554196,3.7605712,NISQAv2
0031369f4b0d.wav,2.9177682,4.0638194,2.6652691,2.9621408,3.940295,NISQAv2
00313df9e051.wav,3.245397,3.6024225,3.9185455,3.2887976,3.674771,NISQAv2
0031523de31f.wav,1.0724932,2.4002657,1.7073998,1.8387927,2.2183425,NISQAv2
00315b6bb670.wav,2.3870668,2.3055348,3.558504,3.867967,3.8973248,NISQAv2
00316a8fc35a.wav,1.1639583,2.839566,2.576547,2.2534735,3.7765465,NISQAv2
0031759c4537.wav,3.1593986,4.085005,3.3863413,3.6952994,3.979837,NISQAv2
0031a2101a37.wav,2.5891268,3.934152,3.0791378,2.62333,3.7262166,NISQAv2
0031ac6cf6f2.wav,1.1371783,2.3578007,2.2344716,2.713631,3.846308,NISQAv2
0031b0ec9bb5.wav,1.6301273,2.4448488,3.4207928,2.229228,1.5670379,NISQAv2
0031c3d8227f.wav,3.7716243,3.9417665,3.7545938,3.5519984,3.9621294,NISQAv2
0031d494ea31.wav,2.3173203,2.324823,3.1520889,2.4081278,3.0979564,NISQAv2
0031dc1f9b1f.wav,2.8089502,3.6625676,3.5840771,2.9927728,3.5928333,NISQAv2
0031f5dd1417.wav,2.2940624,3.6384737,2.5119636,2.4146032,2.405946,NISQAv2
0031f64e2dea.wav,1.5907911,3.382563,1.7923999,2.403728,3.1804745,NISQAv2
0031f8d2a5f8.wav,3.2141166,4.1348014,4.308757,3.019607,4.09983,NISQAv2
00320b36931d.wav,3.032785,3.7166348,3.684198,3.0040026,3.9644516,NISQAv2
003225a6263e.wav,3.0994196,2.829606,3.8543007,2.5861666,3.116196,NISQAv2
0032294eb752.wav,2.767111,1.6638637,4.275726,2.8947375,3.394481,NISQAv2
00323a3f139e.wav,3.7147353,4.0643563,4.034719,2.9898555,3.52402,NISQAv2
00323d99645c.wav,2.028795,3.7313051,2.6860235,2.536843,2.2545073,NISQAv2
003248606ba3.wav,2.6712925,4.20489,2.9022005,2.6189935,3.5601885,NISQAv2
0032851cfc61.wav,2.8027894,3.802789,4.3357334,2.2565002,3.0805473,NISQAv2
003299fe87df.wav,3.596533,3.4574625,3.0069053,3.8742182,4.170876,NISQAv2
0032a29b4286.wav,3.6219623,4.0862927,4.2015524,4.074284,4.3769774,NISQAv2
0032aa278c8c.wav,4.1752853,4.1962,4.1183295,3.673616,4.1602206,NISQAv2
0032ae2240ac.wav,1.7951394,1.9990411,3.511833,2.238176,1.6994495,NISQAv2
0032c2eb0384.wav,4.3558316,4.206217,4.7245455,4.306189,3.9999654,NISQAv2
0032c7fdbe52.wav,2.8869665,2.9094856,3.9583836,2.6110456,3.2680357,NISQAv2
0032d34d081c.wav,3.5383012,3.4381645,3.1122744,3.9757864,3.012701,NISQAv2
00331d6096f5.wav,1.1288848,1.6447197,2.0261023,1.9222656,2.3273094,NISQAv2
00332b0e73fe.wav,2.1733308,2.8569572,2.9226012,2.5968652,3.3228643,NISQAv2
003344d2f648.wav,2.959074,3.4664376,3.3107314,2.887056,3.381875,NISQAv2
003344ee1e2b.wav,4.0213423,3.3190024,4.150963,3.6614535,4.228059,NISQAv2
00334a7de505.wav,3.6923568,4.159143,4.274279,3.3447235,4.175108,NISQAv2
0033551a1766.wav,4.2061596,4.5128465,4.631467,4.37345,4.370871,NISQAv2
003355acd7b0.wav,3.026495,4.0799685,3.453292,3.3934577,3.905896,NISQAv2
00335a6f34cc.wav,3.084862,3.2319698,3.1097872,3.2402089,3.985464,NISQAv2
0033629ba62d.wav,1.3066769,3.406813,1.8938344,1.975913,2.8701932,NISQAv2
00336770a890.wav,1.2996205,2.0847828,2.2665212,1.913326,2.9191985,NISQAv2
00338104f53d.wav,2.86556,3.5437908,3.499367,3.2830944,3.6677408,NISQAv2
0033a2d3505d.wav,2.2011452,2.0791497,2.9100993,2.4119606,2.6790233,NISQAv2
0033a70f86a6.wav,3.7579737,3.6460342,4.3783636,3.432976,4.05019,NISQAv2
0033c843b528.wav,1.9144547,3.0889013,2.1723416,2.5522325,3.4057746,NISQAv2
0033cdc454fa.wav,0.89977163,1.6495638,1.3167453,1.9224153,2.4867022,NISQAv2
003419ec9395.wav,2.2948494,3.2737277,2.43991,3.0314937,3.3547966,NISQAv2
003432fd5a8b.wav,1.8951181,3.4423244,2.0885477,2.6567547,3.5912435,NISQAv2
003469b1bbac.wav,0.7618554,1.9396088,1.1715698,1.5728979,1.4002748,NISQAv2
0034916d9e23.wav,2.9547474,3.92527,3.5453765,3.5383024,3.7438762,NISQAv2
0034b8391b94.wav,2.0601187,2.462483,2.7353265,2.4076898,3.3706405,NISQAv2
0034c1d18227.wav,3.0732725,4.0301433,3.6234157,3.4231346,4.1218014,NISQAv2
0034dbef5e08.wav,3.3337739,4.0145416,3.1052446,3.068776,3.6353552,NISQAv2
0034ecd809ec.wav,4.036084,2.9149053,3.3594215,3.90332,4.3822837,NISQAv2
0034f21f17a9.wav,2.1776412,3.264976,3.040549,2.5853167,2.080269,NISQAv2
0034f9190420.wav,1.1209599,2.2115247,2.91131,2.4570768,1.3487723,NISQAv2
0035251dc4f0.wav,1.4447491,2.4470346,2.8994744,2.4451892,3.412152,NISQAv2
003526019cc3.wav,3.4000316,2.777129,4.350244,3.7436874,4.0455203,NISQAv2
003538fd6bd4.wav,3.693805,3.7103891,4.232305,3.4544976,3.649628,NISQAv2
003539e74fee.wav,1.2784827,2.4864311,2.1076248,2.5231683,3.5414436,NISQAv2
00353ed86de6.wav,3.4585776,4.0387053,3.7302718,3.5099797,3.5814083,NISQAv2
00354358b5e6.wav,2.4307563,3.3863704,2.2727292,2.874347,3.5671637,NISQAv2
0035461e2a0f.wav,2.5652075,2.738813,3.658789,2.7931652,3.0529597,NISQAv2
003578cff057.wav,2.1604166,3.4656646,2.570019,2.9047356,3.7060966,NISQAv2
00357aa902e1.wav,2.723821,2.1432807,4.1038947,3.4988499,3.7287734,NISQAv2
00357d89d771.wav,1.0310527,2.5224073,1.7153192,2.236407,3.3118937,NISQAv2
003591af664d.wav,2.679893,2.7629445,3.3082125,3.2362177,3.5357287,NISQAv2
0035a4efd5ee.wav,3.1953647,3.5929081,3.0702443,3.19403,3.4357386,NISQAv2
0035a9e7ab2d.wav,1.5163995,2.7977703,2.6010506,1.809248,2.1261616,NISQAv2
0035bbefb97d.wav,2.351195,2.282973,3.6763382,2.6334672,3.0233614,NISQAv2
0035d42e45d4.wav,1.3974873,2.9131489,2.7578804,2.9526737,3.6416204,NISQAv2
0035dd6131ec.wav,4.09145,3.6867197,4.6393013,4.0358624,4.468375,NISQAv2
0035e1cb567a.wav,3.8913343,3.539549,4.1057506,3.7917683,4.1268497,NISQAv2
0035fd439bd9.wav,3.5088441,2.4125612,4.1957493,3.425902,3.9006443,NISQAv2
00360adf175a.wav,1.3012582,2.2252185,2.7176502,1.8393751,2.7365978,NISQAv2
003611c23b91.wav,3.795437,4.103172,3.7257922,3.3305626,3.6824853,NISQAv2
00362e27e9a7.wav,1.2218075,3.8991249,1.1911547,2.993849,3.362959,NISQAv2
00362e9c10cf.wav,2.2362368,3.61442,2.7295392,2.556372,3.4223087,NISQAv2
00366ba00594.wav,1.9398898,2.4277112,2.9747758,2.4616714,2.995776,NISQAv2
00367e047448.wav,3.5415242,3.720441,4.449297,3.617902,3.3004603,NISQAv2
0036a02b3812.wav,1.8638452,2.4351645,2.1214094,2.4758952,3.3507905,NISQAv2
0036ae78a76e.wav,1.8591102,1.8988994,3.6493256,3.2694776,3.1190221,NISQAv2
0036f6ef54b2.wav,2.490958,3.2134607,3.2886422,2.1742651,3.2095284,NISQAv2
0036f92eb45a.wav,3.9815023,4.288571,4.283843,3.6787531,4.1989098,NISQAv2
00370b31370b.wav,3.3504286,3.8259764,3.9311578,3.2327583,3.6957302,NISQAv2
00371a90d135.wav,3.926473,3.43193,4.4316196,4.044822,4.348635,NISQAv2
003733a648be.wav,4.0570765,3.0844746,4.547322,4.346798,4.0395975,NISQAv2
0037560b7e50.wav,2.5008,3.5816286,2.1887884,3.1004813,3.4027727,NISQAv2
003757173aa7.wav,2.6083493,3.777528,3.443694,2.8227403,2.5798779,NISQAv2
00375d59296b.wav,1.9725641,3.219222,3.2428386,2.4931915,2.840068,NISQAv2
00376fbafbea.wav,2.7629044,3.8251574,2.5399828,2.775058,3.4784272,NISQAv2
003774c195d7.wav,1.4955786,2.1115716,1.9760063,1.7318126,2.124456,NISQAv2
00379fd619d7.wav,2.5983574,3.9070206,2.7950451,3.317812,3.7015889,NISQAv2
0037a64fa3b7.wav,1.6812766,2.9450748,2.5797641,2.4707024,3.18419,NISQAv2
0037b24cab6e.wav,2.8383641,4.0516315,4.074899,2.9796467,2.6388562,NISQAv2
0037bd2632e5.wav,1.2517064,2.0825064,2.317755,2.8606575,3.1666648,NISQAv2
003818953e2c.wav,2.7914805,2.4483745,3.1373615,2.985988,3.3616703,NISQAv2
003840207603.wav,2.7512424,3.419387,4.247856,3.980652,4.2210555,NISQAv2
00386342ceba.wav,4.0372186,3.9422858,4.0234356,3.9490778,4.3258033,NISQAv2
00389754890d.wav,1.0217737,3.1051602,1.6546597,2.6929772,3.8329644,NISQAv2
003897bea01b.wav,0.9451947,2.0898762,1.6692195,2.4516897,3.1046226,NISQAv2
0038a3b75314.wav,1.3298196,2.4738276,2.464916,2.4881709,3.5752118,NISQAv2
0038a496f8ad.wav,2.9203923,3.1915977,3.85239,3.362089,3.1380951,NISQAv2
0038c7c55534.wav,3.9476829,4.1456547,4.143076,3.6662052,3.9853547,NISQAv2
0038c7d1ff52.wav,2.5264065,3.1407135,3.3634617,2.974624,3.2120745,NISQAv2
0038db0fe87a.wav,3.1677194,3.4055996,4.637338,4.2080693,4.201955,NISQAv2
0038db6301c9.wav,2.4775865,4.0716677,4.2107987,3.3070247,3.4820662,NISQAv2
0038e510b1fd.wav,0.70449466,2.1204545,1.2032526,1.5533333,1.6069785,NISQAv2
003922652069.wav,4.4046297,4.2340956,4.603558,4.1626105,4.4881234,NISQAv2
003922e5bd45.wav,3.8283427,3.8331025,4.280428,3.7485037,3.9898388,NISQAv2
00392aa904e0.wav,2.9670289,3.318024,3.6724365,3.02584,3.7003496,NISQAv2
003939781dc6.wav,3.9013255,3.8664153,4.5078306,3.939129,4.0741577,NISQAv2
00394505c2d6.wav,2.8354807,2.6848032,3.7443714,2.6785715,3.873574,NISQAv2
0039498179f0.wav,2.930197,3.9424655,3.3600392,3.3782218,3.679457,NISQAv2
0039639ad524.wav,3.3798592,3.7564466,4.2637863,3.2819636,3.7336924,NISQAv2
00396553afb3.wav,1.3498155,3.3887744,1.6967409,2.725468,3.653285,NISQAv2
00398d791b6c.wav,1.6686019,2.3876579,2.2423074,1.8108513,2.77244,NISQAv2
0039bbe381a2.wav,2.0777452,3.4868286,2.4723237,2.5199015,3.3875077,NISQAv2
0039c031acb8.wav,4.230475,3.7048612,4.3625445,4.068735,4.3327813,NISQAv2
0039c67f657c.wav,4.3136168,3.4103944,4.279054,4.230814,4.333135,NISQAv2
0039d1a6521d.wav,3.1730382,2.828046,4.3734636,4.0645304,4.141907,NISQAv2
0039d3017279.wav,2.051453,3.2908728,2.609988,2.567684,2.8368583,NISQAv2
0039d63dfea0.wav,4.4599075,4.2641535,4.6199265,4.288938,4.267486,NISQAv2
0039df77f6fd.wav,1.441882,2.6211884,2.1254516,2.2467554,2.7883673,NISQAv2
0039ec00e9e8.wav,3.0495307,3.2749832,3.0575845,2.428694,3.8224108,NISQAv2
003a21d6fa07.wav,2.049638,3.7988393,2.4657104,2.031716,3.5188162,NISQAv2
003a22626ffb.wav,3.6517084,3.7638915,3.7446997,2.8894622,3.7729452,NISQAv2
003a3c07273f.wav,1.9563035,3.0325463,2.0938256,2.6545,3.5408792,NISQAv2
003a420e1019.wav,2.2724636,2.090607,3.9436805,2.9110014,3.203575,NISQAv2
003a4d2967ec.wav,3.862371,4.246448,3.7699802,3.7689185,4.066727,NISQAv2
003a553e03ab.wav,1.5599929,2.8094373,4.0084944,2.2112255,2.3886878,NISQAv2
003a65fc5882.wav,1.590267,3.2052095,1.8322694,2.3605728,3.1982586,NISQAv2
003a82e8d13e.wav,1.9419655,2.201104,2.3186104,2.383735,2.1781359,NISQAv2
003a8f413966.wav,1.3952792,1.8520371,2.6184828,2.2835858,2.8457327,NISQAv2
003aa2b26a1d.wav,2.9793923,2.8692348,3.8201869,2.4479496,3.4075882,NISQAv2
003aaab63eba.wav,2.4885147,2.7659307,3.1243293,2.4029233,3.1171403,NISQAv2
003ab62291a1.wav,2.3236134,2.6183536,2.7507608,2.109248,3.0147529,NISQAv2
003abae61fb9.wav,1.9315156,3.6426585,3.9321725,2.5863106,1.6378493,NISQAv2
003abda2497b.wav,2.711098,2.2726324,3.1575787,3.1889226,4.0193677,NISQAv2
003ad4984674.wav,3.2310822,3.4509468,4.2846556,3.5794182,2.9801404,NISQAv2
003ad86c33bb.wav,2.4420362,4.034893,2.9087415,3.6699064,3.9480836,NISQAv2
003adf365881.wav,1.9493481,2.440519,2.2470572,3.1299407,3.3496563,NISQAv2
003aea84c4e1.wav,2.211031,2.3058527,3.5020292,2.5574439,3.2675962,NISQAv2
003af608a3ed.wav,4.2694187,4.028146,4.6419826,4.1376643,3.7985237,NISQAv2
003b3a5a72f8.wav,0.9245583,1.7420491,2.4075758,1.9722505,1.5776973,NISQAv2
003b48929bf8.wav,2.4254096,2.1147938,3.5836322,2.0740383,2.940024,NISQAv2
003b59fd8b27.wav,2.1455958,3.5601046,2.1763794,2.4588206,3.4348524,NISQAv2
003b6726f031.wav,2.1657956,2.7044618,2.3881586,2.5166998,3.3704147,NISQAv2
003b7499e82f.wav,2.817672,2.7681885,3.1405635,2.7492301,3.549641,NISQAv2
003b9c8b35d1.wav,2.2942245,2.2959812,2.775207,2.2612731,3.048538,NISQAv2
003ba0dd78aa.wav,2.7762983,3.3831966,3.5506403,3.39374,2.9727683,NISQAv2
003ba67f5967.wav,2.9878604,2.3761933,3.9074147,2.7033648,3.9261706,NISQAv2
003bb62a6cb6.wav,4.5515604,4.5237765,4.4301686,3.971666,4.3617425,NISQAv2
003bbefb1eba.wav,1.7519739,3.1923623,1.8439415,2.2209609,2.8772917,NISQAv2
003bdd96b851.wav,2.2025955,2.3166811,2.9319613,2.1011653,3.1044157,NISQAv2
003be2debe63.wav,4.0614185,4.087532,4.2620964,3.8073006,3.7940853,NISQAv2
003becf296e5.wav,4.4186006,4.086535,4.5694084,4.2212076,4.237162,NISQAv2
003bf76b5b70.wav,2.0020025,3.3186846,2.8684556,2.6492832,3.0723355,NISQAv2
003c0b759d44.wav,4.466281,3.9844701,4.7299557,4.2434053,4.5133634,NISQAv2
003c0d1a1d33.wav,3.514746,3.793279,3.8966928,3.3914454,3.3918278,NISQAv2
003c11a0ff05.wav,1.4145168,2.4376295,3.5603106,2.1782968,1.4512552,NISQAv2
003c124a85c4.wav,3.758038,3.9212277,4.7452335,3.9252584,3.9727852,NISQAv2
003c1b7445c7.wav,2.364465,2.784588,3.1203208,3.0497274,3.7570174,NISQAv2
003c23c6687a.wav,1.7008203,1.7768884,4.0200872,2.523631,2.2371798,NISQAv2
003c24e6cc22.wav,1.4576882,2.2576344,2.3859909,2.5343447,2.7144315,NISQAv2
003c2e05236f.wav,1.8546451,3.9539282,2.4961379,2.1335077,3.3044894,NISQAv2
003c3d75e14a.wav,4.2936172,4.0969167,4.3477836,4.097512,3.9569001,NISQAv2
003c45a4c388.wav,4.2336855,3.0992496,4.430756,4.1283827,4.385863,NISQAv2
003c4c4caf6c.wav,2.9093482,2.9953086,4.2977166,3.4385054,3.7540123,NISQAv2
003c4d5546ee.wav,1.6170851,2.4884734,2.5141153,2.6619632,2.6882486,NISQAv2
003c561b1939.wav,2.7678823,3.504051,3.5616815,2.9762695,3.558038,NISQAv2
003c68a2d210.wav,3.9294353,4.0207562,4.2377276,3.5825489,3.1760447,NISQAv2
003c73c91706.wav,2.2298,2.2012298,2.310108,2.269787,2.8825204,NISQAv2
003c76f860c7.wav,2.125005,3.8429172,4.612115,2.9485202,1.7269659,NISQAv2
003c97d54602.wav,2.737707,2.536157,3.0346968,3.167682,3.7310438,NISQAv2
003cddf8dabe.wav,1.1147424,1.9493227,1.7717304,2.416838,2.0855916,NISQAv2
003cf264a787.wav,2.3820198,3.813956,3.4439852,2.7577102,2.2936945,NISQAv2
003cf8602d19.wav,2.4813256,3.0690405,2.4895527,2.601998,3.5333178,NISQAv2
003d20219d81.wav,3.0278094,3.1242115,4.5462513,4.1440697,3.9282413,NISQAv2
003d29d7a56c.wav,3.2390444,3.266153,4.0847473,3.8129537,3.7627275,NISQAv2
003d5c0fc3a1.wav,3.315848,3.285955,4.128886,2.8390765,3.6267536,NISQAv2
003d6cfb520f.wav,3.318107,4.0083227,4.2232795,4.008147,3.8447025,NISQAv2
003d90f0e5ec.wav,2.119165,3.407131,2.677764,2.650916,2.4955676,NISQAv2
003dc4c7a00e.wav,2.914055,2.743429,2.7408638,2.9147763,3.55168,NISQAv2
003e10e1e43a.wav,2.859576,2.4485195,3.808945,3.3432205,3.8095305,NISQAv2
003e328649c9.wav,2.3292444,2.5960505,4.2115984,3.034199,2.011588,NISQAv2
003e3fd1e579.wav,1.0943813,2.3754842,1.74891,2.645024,3.7619736,NISQAv2
003e840587eb.wav,2.5576344,3.1451457,2.4670866,3.0566456,3.881697,NISQAv2
003e892d257a.wav,3.892895,4.008713,4.3952575,3.961247,4.1377244,NISQAv2
003e8ed13715.wav,1.8447013,2.423217,2.5823653,1.9748036,2.6756809,NISQAv2
003e92d187ed.wav,2.5340953,3.5908704,2.821656,2.7474463,3.165469,NISQAv2
003e9a11a908.wav,4.477557,3.9675896,4.1283665,4.1954837,4.3893447,NISQAv2
003ea8f5af70.wav,2.2989612,2.9912455,3.7116647,3.4682329,4.1391068,NISQAv2
003ebda8a7e8.wav,2.7045443,3.3162081,4.1977034,3.7968414,3.1650376,NISQAv2
003ebfda167b.wav,0.9186937,2.5087373,2.3685646,2.3384976,2.3485682,NISQAv2
003ec618f31d.wav,2.1566217,3.647599,2.3907588,2.7383647,3.6699862,NISQAv2
003ed610ece9.wav,2.3395042,3.4191277,3.6336417,2.6613455,3.2210352,NISQAv2
003edef139d4.wav,2.5708926,3.2943318,4.0604377,2.5317028,3.911666,NISQAv2
003f074a0b66.wav,2.7816842,3.2462087,4.09733,2.9057028,3.825438,NISQAv2
003f41864d6a.wav,3.404421,3.8665879,4.26254,3.3124962,3.717098,NISQAv2
003f47fb9ffc.wav,1.6038631,2.2687438,3.8176134,2.4860137,1.5168772,NISQAv2
003f57494298.wav,4.1292043,4.1011777,4.4617295,3.8146732,3.7667937,NISQAv2
003f62026956.wav,1.5378684,1.9165465,1.9927609,2.4485333,3.3772147,NISQAv2
003f77b7ab71.wav,3.0205653,3.9841187,2.7425163,3.1560543,3.9288979,NISQAv2
003f7b9c1f18.wav,3.1174,3.8133156,3.667292,3.341808,3.406861,NISQAv2
003fa49ad7fb.wav,4.0902977,4.26251,4.3036814,3.9991505,4.2992306,NISQAv2
003fb058347a.wav,4.0209537,4.547526,4.4439898,3.695871,3.7750564,NISQAv2
003fb429973f.wav,1.0780157,2.0830657,2.2912047,2.6540353,3.7256198,NISQAv2
003fb98d09ff.wav,3.243932,2.900606,4.415219,3.479864,3.9299567,NISQAv2
003fb9a29477.wav,1.1328588,2.2564595,1.6747997,2.0847967,2.7539117,NISQAv2
003fbb11e116.wav,3.465604,3.7589757,4.2678657,4.1718106,3.7454932,NISQAv2
003fbc505a08.wav,1.2100153,2.239036,3.1577146,2.651209,2.0053532,NISQAv2
003fbe7ba1a4.wav,2.1686327,2.4894192,3.1730788,3.074212,3.1954916,NISQAv2
003fc16a39c7.wav,0.8288815,2.4782627,1.6904111,2.0830133,2.1129029,NISQAv2
003fd0b2769e.wav,4.5496836,4.2512665,4.5890207,3.9834733,4.3239074,NISQAv2
003fe162ab5b.wav,4.2498016,4.19292,4.379868,3.8128378,4.152391,NISQAv2
0040080fcbf9.wav,1.762173,3.4064488,1.8691561,2.4631076,3.3031347,NISQAv2
